{
  "$schema": "https://schema.management.azure.com/schemas/2019-04-01/deploymentTemplate.json#",
  "contentVersion": "1.0.0.0",
  "metadata": {
    "author": "Microsoft - support@microsoft.com",
    "comments": "Solution template for Fortinet FortiNDR Cloud"
  },
  "parameters": {
    "location": {
      "type": "string",
      "minLength": 1,
      "defaultValue": "[resourceGroup().location]",
      "metadata": {
        "description": "Not used, but needed to pass arm-ttk test `Location-Should-Not-Be-Hardcoded`.  We instead use the `workspace-location` which is derived from the LA workspace"
      }
    },
    "workspace-location": {
      "type": "string",
      "defaultValue": "",
      "metadata": {
        "description": "[concat('Region to deploy solution resources -- separate from location selection',parameters('location'))]"
      }
    },
    "workspace": {
      "defaultValue": "",
      "type": "string",
      "metadata": {
        "description": "Workspace name for Log Analytics where Microsoft Sentinel is setup"
      }
    },
    "workbook1-name": {
      "type": "string",
      "defaultValue": "FortiNDR Cloud",
      "minLength": 1,
      "metadata": {
        "description": "Name for the workbook"
      }
    }
  },
  "variables": {
    "email": "support@microsoft.com",
    "_email": "[variables('email')]",
    "_solutionName": "Fortinet FortiNDR Cloud",
    "_solutionVersion": "3.0.0",
    "solutionId": "azuresentinel.azure-sentinel-solution-fortindrcloud",
    "_solutionId": "[variables('solutionId')]",
    "uiConfigId1": "05cc2dce-ffc7-4ddb-a0ef-447e06f28afb",
    "_uiConfigId1": "[variables('uiConfigId1')]",
    "dataConnectorContentId1": "05cc2dce-ffc7-4ddb-a0ef-447e06f28afb",
    "_dataConnectorContentId1": "[variables('dataConnectorContentId1')]",
    "dataConnectorId1": "[extensionResourceId(resourceId('Microsoft.OperationalInsights/workspaces', parameters('workspace')), 'Microsoft.SecurityInsights/dataConnectors', variables('_dataConnectorContentId1'))]",
    "_dataConnectorId1": "[variables('dataConnectorId1')]",
    "dataConnectorTemplateSpecName1": "[concat(parameters('workspace'),'/Microsoft.SecurityInsights/',concat(parameters('workspace'),'-dc-',uniquestring(variables('_dataConnectorContentId1'))))]",
    "dataConnectorVersion1": "1.0.0",
    "dataConnectorcontentProductId1": "[concat('/subscriptions/', subscription().subscriptionId,'-',take(variables('_solutionId'),50),'-','dc','-', uniqueString(concat(variables('_solutionId'),'-','DataConnector','-',variables('_dataConnectorContentId1'),'-', variables('dataConnectorVersion1'))))]",
    "_dataConnectorcontentProductId1": "[variables('dataConnectorcontentProductId1')]",
    "parserName1": "Fortinet_FortiNDR_Cloud",
    "_parserName1": "[concat(parameters('workspace'),'/',variables('parserName1'))]",
    "parserId1": "[resourceId('Microsoft.OperationalInsights/workspaces/savedSearches', parameters('workspace'), variables('parserName1'))]",
    "_parserId1": "[variables('parserId1')]",
    "parserTemplateSpecName1": "[concat(parameters('workspace'),'/Microsoft.SecurityInsights/',concat(parameters('workspace'),'-pr-',uniquestring(variables('_parserContentId1'))))]",
    "parserVersion1": "1.0.0",
    "parserContentId1": "Fortinet_FortiNDR_Cloud-Parser",
    "_parserContentId1": "[variables('parserContentId1')]",
    "parsercontentProductId1": "[concat('/subscriptions/', subscription().subscriptionId,'-',take(variables('_solutionId'),50),'-','pr','-', uniqueString(concat(variables('_solutionId'),'-','Parser','-',variables('_parserContentId1'),'-', variables('parserVersion1'))))]",
    "_parsercontentProductId1": "[variables('parsercontentProductId1')]",
    "workbookVersion1": "1.0.0",
    "workbookContentId1": "FortiNdrCloudWorkbook",
    "workbookId1": "[resourceId('Microsoft.Insights/workbooks', variables('workbookContentId1'))]",
    "workbookTemplateSpecName1": "[concat(parameters('workspace'),'/Microsoft.SecurityInsights/',concat(parameters('workspace'),'-wb-',uniquestring(variables('_workbookContentId1'))))]",
    "_workbookContentId1": "[variables('workbookContentId1')]",
    "workspaceResourceId": "[resourceId('microsoft.OperationalInsights/Workspaces', parameters('workspace'))]",
    "workbookcontentProductId1": "[concat('/subscriptions/', subscription().subscriptionId,'-',take(variables('_solutionId'),50),'-','wb','-', uniqueString(concat(variables('_solutionId'),'-','Workbook','-',variables('_workbookContentId1'),'-', variables('workbookVersion1'))))]",
    "_workbookcontentProductId1": "[variables('workbookcontentProductId1')]",
    "solutioncontentProductId": "[concat('/subscriptions/', subscription().subscriptionId,'-',take(variables('_solutionId'),50),'-','sl','-', uniqueString(concat(variables('_solutionId'),'-','Solution','-',variables('_solutionId'),'-', variables('_solutionVersion'))))]",
    "_solutioncontentProductId": "[variables('solutioncontentProductId')]"
  },
  "resources": [
    {
      "type": "Microsoft.OperationalInsights/workspaces/providers/contentTemplates",
      "apiVersion": "2023-04-01-preview",
      "name": "[variables('dataConnectorTemplateSpecName1')]",
      "location": "[parameters('workspace-location')]",
      "dependsOn": [
        "[extensionResourceId(resourceId('Microsoft.OperationalInsights/workspaces', parameters('workspace')), 'Microsoft.SecurityInsights/contentPackages', variables('_solutionId'))]"
      ],
      "properties": {
        "description": "Fortinet FortiNDR Cloud data connector with template version 3.0.0",
        "mainTemplate": {
          "$schema": "https://schema.management.azure.com/schemas/2019-04-01/deploymentTemplate.json#",
          "contentVersion": "[variables('dataConnectorVersion1')]",
          "parameters": {},
          "variables": {},
          "resources": [
            {
              "name": "[concat(parameters('workspace'),'/Microsoft.SecurityInsights/',variables('_dataConnectorContentId1'))]",
              "apiVersion": "2021-03-01-preview",
              "type": "Microsoft.OperationalInsights/workspaces/providers/dataConnectors",
              "location": "[parameters('workspace-location')]",
              "kind": "GenericUI",
              "properties": {
                "connectorUiConfig": {
                  "id": "[variables('_uiConfigId1')]",
                  "title": "Fortinet FortiNDR Cloud (using Azure Functions)",
                  "publisher": "Fortinet",
                  "descriptionMarkdown": "The Fortinet FortiNDR Cloud data connector provides the capability to ingest [Fortinet FortiNDR Cloud](https://docs.fortinet.com/product/fortindr-cloud) events stored in Amazon S3 into Microsoft Sentinel using the Amazon S3 REST API.",
                  "additionalRequirementBanner": "These queries and workbooks are dependent on a parser based on Kusto to work as expected. Follow the steps to use this Kusto functions alias **Fortinet_FortiNDR_Cloud** in queries and workbooks. [Follow steps to get this Kusto functions>]() ",
                  "graphQueries": [
                    {
                      "metricName": "Fortinet FortiNDR Cloud Suricata Logs",
                      "legend": "FncEventsSuricata_CL",
                      "baseQuery": "FncEventsSuricata_CL"
                    },
                    {
                      "metricName": "Fortinet FortiNDR Cloud Observation Logs",
                      "legend": "FncEventsObservation_CL",
                      "baseQuery": "FncEventsObservation_CL"
                    },
                    {
                      "metricName": "Fortinet FortiNDR Cloud Detections Logs",
                      "legend": "FncEventsDetections_CL",
                      "baseQuery": "FncEventsDetections_CL"
                    }
                  ],
                  "sampleQueries": [
                    {
                      "description": "Fortinet FortiNDR Cloud Suricata Logs",
                      "query": "FncEventsSuricata_CL\n | sort by TimeGenerated desc"
                    },
                    {
                      "description": "Fortinet FortiNDR Cloud Observation Logs",
                      "query": "FncEventsObservation_CL\n | sort by TimeGenerated desc"
                    },
                    {
                      "description": "Fortinet FortiNDR Cloud Detections Logs",
                      "query": "FncEventsDetections_CL\n | sort by TimeGenerated desc"
                    }
                  ],
                  "dataTypes": [
                    {
                      "name": "FncEventsSuricata_CL",
                      "lastDataReceivedQuery": "FncEventsSuricata_CL\n            | summarize Time = max(TimeGenerated)\n            | where isnotempty(Time)"
                    },
                    {
                      "name": "FncEventsObservation_CL",
                      "lastDataReceivedQuery": "FncEventsObservation_CL\n            | summarize Time = max(TimeGenerated)\n            | where isnotempty(Time)"
                    },
                    {
                      "name": "FncEventsDetections_CL",
                      "lastDataReceivedQuery": "FncEventsDetections_CL\n            | summarize Time = max(TimeGenerated)\n            | where isnotempty(Time)"
                    }
                  ],
                  "connectivityCriterias": [
                    {
                      "type": "IsConnectedQuery",
                      "value": [
                        "FncEventsSuricata_CL\n            | summarize LastLogReceived = max(TimeGenerated)\n            | project IsConnected = LastLogReceived > ago(1d)",
                        "FncEventsObservation_CL\n            | summarize LastLogReceived = max(TimeGenerated)\n            | project IsConnected = LastLogReceived > ago(1d)",
                        "FncEventsDetections_CL\n            | summarize LastLogReceived = max(TimeGenerated)\n            | project IsConnected = LastLogReceived > ago(1d)"
                      ]
                    }
                  ],
                  "availability": {
                    "status": 1,
                    "isPreview": false
                  },
                  "permissions": {
                    "resourceProvider": [
                      {
                        "provider": "Microsoft.OperationalInsights/workspaces",
                        "permissionsDisplayText": "read and write permissions on the workspace are required.",
                        "providerDisplayName": "Workspace",
                        "scope": "Workspace",
                        "requiredPermissions": {
                          "write": true,
                          "read": true,
                          "delete": true
                        }
                      },
                      {
                        "provider": "Microsoft.OperationalInsights/workspaces/sharedKeys",
                        "permissionsDisplayText": "read permissions to shared keys for the workspace are required. [See the documentation to learn more about workspace keys](https://docs.microsoft.com/azure/azure-monitor/platform/agent-windows#obtain-workspace-id-and-key).",
                        "providerDisplayName": "Keys",
                        "scope": "Workspace",
                        "requiredPermissions": {
                          "action": true
                        }
                      }
                    ],
                    "customs": [
                      {
                        "name": "Microsoft.Web/sites permissions",
                        "description": "Read and write permissions to Azure Functions to create a Function App is required. [See the documentation to learn more about Azure Functions](https://docs.microsoft.com/azure/azure-functions/)."
                      },
                      {
                        "name": "Amazon S3 REST API Credentials/permissions",
                        "description": "**AWS Access Key Id**, **AWS Secret Access Key**, **FortiNDR Cloud Account Code** are required for Amazon S3 REST API."
                      }
                    ]
                  },
                  "instructionSteps": [
                    {
                      "description": ">**NOTE:** This connector uses Azure Functions to connect to the Amazon S3 REST API to pull logs into Microsoft Sentinel. This might result in additional data ingestion costs. Check the [Azure Functions pricing page](https://azure.microsoft.com/pricing/details/functions/) for details."
                    },
                    {
                      "description": ">**(Optional Step)** Securely store workspace and API authorization key(s) or token(s) in Azure Key Vault. Azure Key Vault provides a secure mechanism to store and retrieve key values. [Follow these instructions](https://docs.microsoft.com/azure/app-service/app-service-key-vault-references) to use Azure Key Vault with an Azure Function App."
                    },
                    {
                      "description": ">**NOTE:** This connector uses a parser based on a Kusto Function to normalize fields. [Follow these steps](https://raw.githubusercontent.com/Azure/Azure-Sentinel/master/Solutions/Fortinet FortiNDR Cloud/Parsers/Fortinet_FortiNDR_Cloud) to create the Kusto function alias **Fortinet_FortiNDR_Cloud**."
                    },
                    {
                      "description": "**STEP 1 - Configuration steps for the Fortinet FortiNDR Cloud Logs Collection**\n\nThe provider should provide or link to detailed steps to configure the 'PROVIDER NAME APPLICATION NAME' API endpoint so that the Azure Function can authenticate to it successfully, get its authorization key or token, and pull the appliance's logs into Azure Sentinel."
                    },
                    {
                      "description": "**STEP 2 - Choose ONE from the following two deployment options to deploy the connector and the associated Azure Function**\n\n>**IMPORTANT:** Before deploying the Fortinet FortiNDR Cloud connector, have the Workspace ID  and Workspace Primary Key (can be copied from the following), as well as the as well as the Amazon S3 REST API Authorization credentials, readily available.",
                      "instructions": [
                        {
                          "parameters": {
                            "fillWith": [
                              "WorkspaceId"
                            ],
                            "label": "Workspace ID"
                          },
                          "type": "CopyableLabel"
                        },
                        {
                          "parameters": {
                            "fillWith": [
                              "PrimaryKey"
                            ],
                            "label": "Primary Key"
                          },
                          "type": "CopyableLabel"
                        }
                      ]
                    },
                    {
                      "description": "**Option 1 - Azure Resource Manager (ARM) Template**\n\nUse this method for automated deployment of the Fortinet FortiNDR Cloud connector.\n\n1. Click the **Deploy to Azure** button below. \n\n\t[![Deploy To Azure](https://aka.ms/deploytoazurebutton)](<Add Link to ARM Template on https://aka.ms/threathunter GitHub repo, name template as azuredeploy_Connector_PROVIDER_NAME_APPLIANCE_NAME_AzureFunction.json>)\n2. Select the preferred **Subscription**, **Resource Group** and **Location**. \n3. Enter the **Workspace ID**, **Workspace Key**, **AwsAccessKeyId**, **AwsSecretAccessKey**, and/or Other required fields. \n4. Mark the checkbox labeled **I agree to the terms and conditions stated above**. \n5. Click **Purchase** to deploy."
                    },
                    {
                      "description": "**Option 2 - Manual Deployment of Azure Functions**\n\n Use the following step-by-step instructions to deploy the Fortinet FortiNDR Cloud connector manually with Azure Functions(Deployment via Visual Studio Code).",
                      "instructions": [
                        {
                          "parameters": {
                            "instructionSteps": [
                              {
                                "title": "Step 1 - Deploy a Function App",
                                "description": "**NOTE:** You will need to [prepare VS code](https://docs.microsoft.com/azure/azure-functions/create-first-function-vs-code-python) for Azure Functions development.\n\n1. Download the [Azure Functions App]() file. Extract archive to your local development computer.\n2. Follow the [function app manual deployment instructions](https://github.com/Azure/Azure-Sentinel/blob/master/DataConnectors/AzureFunctionsManualDeployment.md#function-app-manual-deployment-instructions) to deploy the Azure Functions app using VSCode.\n3. After successful deployment of the function app, follow next steps for configuring it."
                              },
                              {
                                "title": "Step 2 - Configure the Function App",
                                "description": "1. In the Function App, select the Function App Name and select **Configuration**.\n2. In the **Application settings** tab, select **+ New application setting**.\n3. Add each of the following application settings individually, with their respective string values (case-sensitive): \n\t\tWorkspaceId\n\t\tWorkspaceKey\n\t\tAWSAccessKeyId\n\t\tAWSSecretAccessKey\n\t\tFncAccountCode\n\t\tFncEvents (optional default: observation)\n\t\tFncDetections (optional default: true)\n\t\tFncTerminateApp (optional default: false)\n\t\tFncDaysToCollect(optional default: 0)\n\t\tFncIntervalMinutes (optional, default 5)\n\t\tFncPollingDelay (optional, default 10)\n\t\tlogAnalyticsUri (optional)\n> - Use logAnalyticsUri to override the log analytics API endpoint for dedicated cloud. For example, for public cloud, leave the value empty; for Azure GovUS cloud environment, specify the value in the following format: `https://<CustomerId>.ods.opinsights.azure.us`.\n3. Once all application settings have been entered, click **Save**."
                              }
                            ]
                          },
                          "type": "InstructionStepsGroup"
                        }
                      ]
                    }
                  ]
                }
              }
            },
            {
              "type": "Microsoft.OperationalInsights/workspaces/providers/metadata",
              "apiVersion": "2023-04-01-preview",
              "name": "[concat(parameters('workspace'),'/Microsoft.SecurityInsights/',concat('DataConnector-', last(split(variables('_dataConnectorId1'),'/'))))]",
              "properties": {
                "parentId": "[extensionResourceId(resourceId('Microsoft.OperationalInsights/workspaces', parameters('workspace')), 'Microsoft.SecurityInsights/dataConnectors', variables('_dataConnectorContentId1'))]",
                "contentId": "[variables('_dataConnectorContentId1')]",
                "kind": "DataConnector",
                "version": "[variables('dataConnectorVersion1')]",
                "source": {
                  "kind": "Solution",
                  "name": "Fortinet FortiNDR Cloud",
                  "sourceId": "[variables('_solutionId')]"
                },
                "author": {
                  "name": "Microsoft",
                  "email": "[variables('_email')]"
                },
                "support": {
                  "tier": "Microsoft",
                  "name": "Microsoft Corporation",
                  "email": "support@microsoft.com",
                  "link": "https://support.microsoft.com/"
                }
              }
            }
          ]
        },
        "packageKind": "Solution",
        "packageVersion": "[variables('_solutionVersion')]",
        "packageName": "[variables('_solutionName')]",
        "packageId": "[variables('_solutionId')]",
        "contentSchemaVersion": "3.0.0",
        "contentId": "[variables('_dataConnectorContentId1')]",
        "contentKind": "DataConnector",
        "displayName": "Fortinet FortiNDR Cloud (using Azure Functions)",
        "contentProductId": "[variables('_dataConnectorcontentProductId1')]",
        "id": "[variables('_dataConnectorcontentProductId1')]",
        "version": "[variables('dataConnectorVersion1')]"
      }
    },
    {
      "type": "Microsoft.OperationalInsights/workspaces/providers/metadata",
      "apiVersion": "2023-04-01-preview",
      "name": "[concat(parameters('workspace'),'/Microsoft.SecurityInsights/',concat('DataConnector-', last(split(variables('_dataConnectorId1'),'/'))))]",
      "dependsOn": [
        "[variables('_dataConnectorId1')]"
      ],
      "location": "[parameters('workspace-location')]",
      "properties": {
        "parentId": "[extensionResourceId(resourceId('Microsoft.OperationalInsights/workspaces', parameters('workspace')), 'Microsoft.SecurityInsights/dataConnectors', variables('_dataConnectorContentId1'))]",
        "contentId": "[variables('_dataConnectorContentId1')]",
        "kind": "DataConnector",
        "version": "[variables('dataConnectorVersion1')]",
        "source": {
          "kind": "Solution",
          "name": "Fortinet FortiNDR Cloud",
          "sourceId": "[variables('_solutionId')]"
        },
        "author": {
          "name": "Microsoft",
          "email": "[variables('_email')]"
        },
        "support": {
          "tier": "Microsoft",
          "name": "Microsoft Corporation",
          "email": "support@microsoft.com",
          "link": "https://support.microsoft.com/"
        }
      }
    },
    {
      "name": "[concat(parameters('workspace'),'/Microsoft.SecurityInsights/',variables('_dataConnectorContentId1'))]",
      "apiVersion": "2021-03-01-preview",
      "type": "Microsoft.OperationalInsights/workspaces/providers/dataConnectors",
      "location": "[parameters('workspace-location')]",
      "kind": "GenericUI",
      "properties": {
        "connectorUiConfig": {
          "title": "Fortinet FortiNDR Cloud (using Azure Functions)",
          "publisher": "Fortinet",
          "descriptionMarkdown": "The Fortinet FortiNDR Cloud data connector provides the capability to ingest [Fortinet FortiNDR Cloud](https://docs.fortinet.com/product/fortindr-cloud) events stored in Amazon S3 into Microsoft Sentinel using the Amazon S3 REST API.",
          "graphQueries": [
            {
              "metricName": "Fortinet FortiNDR Cloud Suricata Logs",
              "legend": "FncEventsSuricata_CL",
              "baseQuery": "FncEventsSuricata_CL"
            },
            {
              "metricName": "Fortinet FortiNDR Cloud Observation Logs",
              "legend": "FncEventsObservation_CL",
              "baseQuery": "FncEventsObservation_CL"
            },
            {
              "metricName": "Fortinet FortiNDR Cloud Detections Logs",
              "legend": "FncEventsDetections_CL",
              "baseQuery": "FncEventsDetections_CL"
            }
          ],
          "dataTypes": [
            {
              "name": "FncEventsSuricata_CL",
              "lastDataReceivedQuery": "FncEventsSuricata_CL\n            | summarize Time = max(TimeGenerated)\n            | where isnotempty(Time)"
            },
            {
              "name": "FncEventsObservation_CL",
              "lastDataReceivedQuery": "FncEventsObservation_CL\n            | summarize Time = max(TimeGenerated)\n            | where isnotempty(Time)"
            },
            {
              "name": "FncEventsDetections_CL",
              "lastDataReceivedQuery": "FncEventsDetections_CL\n            | summarize Time = max(TimeGenerated)\n            | where isnotempty(Time)"
            }
          ],
          "connectivityCriterias": [
            {
              "type": "IsConnectedQuery",
              "value": [
                "FncEventsSuricata_CL\n            | summarize LastLogReceived = max(TimeGenerated)\n            | project IsConnected = LastLogReceived > ago(1d)",
                "FncEventsObservation_CL\n            | summarize LastLogReceived = max(TimeGenerated)\n            | project IsConnected = LastLogReceived > ago(1d)",
                "FncEventsDetections_CL\n            | summarize LastLogReceived = max(TimeGenerated)\n            | project IsConnected = LastLogReceived > ago(1d)"
              ]
            }
          ],
          "sampleQueries": [
            {
              "description": "Fortinet FortiNDR Cloud Suricata Logs",
              "query": "FncEventsSuricata_CL\n | sort by TimeGenerated desc"
            },
            {
              "description": "Fortinet FortiNDR Cloud Observation Logs",
              "query": "FncEventsObservation_CL\n | sort by TimeGenerated desc"
            },
            {
              "description": "Fortinet FortiNDR Cloud Detections Logs",
              "query": "FncEventsDetections_CL\n | sort by TimeGenerated desc"
            }
          ],
          "availability": {
            "status": 1,
            "isPreview": false
          },
          "permissions": {
            "resourceProvider": [
              {
                "provider": "Microsoft.OperationalInsights/workspaces",
                "permissionsDisplayText": "read and write permissions on the workspace are required.",
                "providerDisplayName": "Workspace",
                "scope": "Workspace",
                "requiredPermissions": {
                  "write": true,
                  "read": true,
                  "delete": true
                }
              },
              {
                "provider": "Microsoft.OperationalInsights/workspaces/sharedKeys",
                "permissionsDisplayText": "read permissions to shared keys for the workspace are required. [See the documentation to learn more about workspace keys](https://docs.microsoft.com/azure/azure-monitor/platform/agent-windows#obtain-workspace-id-and-key).",
                "providerDisplayName": "Keys",
                "scope": "Workspace",
                "requiredPermissions": {
                  "action": true
                }
              }
            ],
            "customs": [
              {
                "name": "Microsoft.Web/sites permissions",
                "description": "Read and write permissions to Azure Functions to create a Function App is required. [See the documentation to learn more about Azure Functions](https://docs.microsoft.com/azure/azure-functions/)."
              },
              {
                "name": "Amazon S3 REST API Credentials/permissions",
                "description": "**AWS Access Key Id**, **AWS Secret Access Key**, **FortiNDR Cloud Account Code** are required for Amazon S3 REST API."
              }
            ]
          },
          "instructionSteps": [
            {
              "description": ">**NOTE:** This connector uses Azure Functions to connect to the Amazon S3 REST API to pull logs into Microsoft Sentinel. This might result in additional data ingestion costs. Check the [Azure Functions pricing page](https://azure.microsoft.com/pricing/details/functions/) for details."
            },
            {
              "description": ">**(Optional Step)** Securely store workspace and API authorization key(s) or token(s) in Azure Key Vault. Azure Key Vault provides a secure mechanism to store and retrieve key values. [Follow these instructions](https://docs.microsoft.com/azure/app-service/app-service-key-vault-references) to use Azure Key Vault with an Azure Function App."
            },
            {
              "description": ">**NOTE:** This connector uses a parser based on a Kusto Function to normalize fields. [Follow these steps](https://raw.githubusercontent.com/Azure/Azure-Sentinel/master/Solutions/Fortinet FortiNDR Cloud/Parsers/Fortinet_FortiNDR_Cloud) to create the Kusto function alias **Fortinet_FortiNDR_Cloud**."
            },
            {
              "description": "**STEP 1 - Configuration steps for the Fortinet FortiNDR Cloud Logs Collection**\n\nThe provider should provide or link to detailed steps to configure the 'PROVIDER NAME APPLICATION NAME' API endpoint so that the Azure Function can authenticate to it successfully, get its authorization key or token, and pull the appliance's logs into Azure Sentinel."
            },
            {
              "description": "**STEP 2 - Choose ONE from the following two deployment options to deploy the connector and the associated Azure Function**\n\n>**IMPORTANT:** Before deploying the Fortinet FortiNDR Cloud connector, have the Workspace ID  and Workspace Primary Key (can be copied from the following), as well as the as well as the Amazon S3 REST API Authorization credentials, readily available.",
              "instructions": [
                {
                  "parameters": {
                    "fillWith": [
                      "WorkspaceId"
                    ],
                    "label": "Workspace ID"
                  },
                  "type": "CopyableLabel"
                },
                {
                  "parameters": {
                    "fillWith": [
                      "PrimaryKey"
                    ],
                    "label": "Primary Key"
                  },
                  "type": "CopyableLabel"
                }
              ]
            },
            {
              "description": "**Option 1 - Azure Resource Manager (ARM) Template**\n\nUse this method for automated deployment of the Fortinet FortiNDR Cloud connector.\n\n1. Click the **Deploy to Azure** button below. \n\n\t[![Deploy To Azure](https://aka.ms/deploytoazurebutton)](<Add Link to ARM Template on https://aka.ms/threathunter GitHub repo, name template as azuredeploy_Connector_PROVIDER_NAME_APPLIANCE_NAME_AzureFunction.json>)\n2. Select the preferred **Subscription**, **Resource Group** and **Location**. \n3. Enter the **Workspace ID**, **Workspace Key**, **AwsAccessKeyId**, **AwsSecretAccessKey**, and/or Other required fields. \n4. Mark the checkbox labeled **I agree to the terms and conditions stated above**. \n5. Click **Purchase** to deploy."
            },
            {
              "description": "**Option 2 - Manual Deployment of Azure Functions**\n\n Use the following step-by-step instructions to deploy the Fortinet FortiNDR Cloud connector manually with Azure Functions(Deployment via Visual Studio Code).",
              "instructions": [
                {
                  "parameters": {
                    "instructionSteps": [
                      {
                        "title": "Step 1 - Deploy a Function App",
                        "description": "**NOTE:** You will need to [prepare VS code](https://docs.microsoft.com/azure/azure-functions/create-first-function-vs-code-python) for Azure Functions development.\n\n1. Download the [Azure Functions App]() file. Extract archive to your local development computer.\n2. Follow the [function app manual deployment instructions](https://github.com/Azure/Azure-Sentinel/blob/master/DataConnectors/AzureFunctionsManualDeployment.md#function-app-manual-deployment-instructions) to deploy the Azure Functions app using VSCode.\n3. After successful deployment of the function app, follow next steps for configuring it."
                      },
                      {
                        "title": "Step 2 - Configure the Function App",
                        "description": "1. In the Function App, select the Function App Name and select **Configuration**.\n2. In the **Application settings** tab, select **+ New application setting**.\n3. Add each of the following application settings individually, with their respective string values (case-sensitive): \n\t\tWorkspaceId\n\t\tWorkspaceKey\n\t\tAWSAccessKeyId\n\t\tAWSSecretAccessKey\n\t\tFncAccountCode\n\t\tFncEvents (optional default: observation)\n\t\tFncDetections (optional default: true)\n\t\tFncTerminateApp (optional default: false)\n\t\tFncDaysToCollect(optional default: 0)\n\t\tFncIntervalMinutes (optional, default 5)\n\t\tFncPollingDelay (optional, default 10)\n\t\tlogAnalyticsUri (optional)\n> - Use logAnalyticsUri to override the log analytics API endpoint for dedicated cloud. For example, for public cloud, leave the value empty; for Azure GovUS cloud environment, specify the value in the following format: `https://<CustomerId>.ods.opinsights.azure.us`.\n3. Once all application settings have been entered, click **Save**."
                      }
                    ]
                  },
                  "type": "InstructionStepsGroup"
                }
              ]
            }
          ],
          "id": "[variables('_uiConfigId1')]",
          "additionalRequirementBanner": "These queries and workbooks are dependent on a parser based on Kusto to work as expected. Follow the steps to use this Kusto functions alias **Fortinet_FortiNDR_Cloud** in queries and workbooks. [Follow steps to get this Kusto functions>]() "
        }
      }
    },
    {
      "type": "Microsoft.OperationalInsights/workspaces/providers/contentTemplates",
      "apiVersion": "2023-04-01-preview",
      "name": "[variables('parserTemplateSpecName1')]",
      "location": "[parameters('workspace-location')]",
      "dependsOn": [
        "[extensionResourceId(resourceId('Microsoft.OperationalInsights/workspaces', parameters('workspace')), 'Microsoft.SecurityInsights/contentPackages', variables('_solutionId'))]"
      ],
      "properties": {
        "description": "Fortinet_FortiNDR_Cloud Data Parser with template version 3.0.0",
        "mainTemplate": {
          "$schema": "https://schema.management.azure.com/schemas/2019-04-01/deploymentTemplate.json#",
          "contentVersion": "[variables('parserVersion1')]",
          "parameters": {},
          "variables": {},
          "resources": [
            {
              "name": "[variables('_parserName1')]",
              "apiVersion": "2022-10-01",
              "type": "Microsoft.OperationalInsights/workspaces/savedSearches",
              "location": "[parameters('workspace-location')]",
              "properties": {
                "eTag": "*",
                "displayName": "Fortinet_FortiNDR_Cloud",
                "category": "Samples",
                "functionAlias": "Fortinet_FortiNDR_Cloud",
                "query": "\n\nlet FortiNDR_Cloud_suricata_view = view () {\n    FncEventsSuricata_CL\n    | extend\n        DstIpEnrichmentsAnnotationsTags=column_ifexists('dst_ip_enrichments_annotations_tags_s', ''),\n        SrcIpEnrichmentsAnnotationTags=column_ifexists('src_ip_enrichments_annotations_tags_s', ''),\n        HttpRefer=column_ifexists('http_http_refer_s', ''),\n        Intel=column_ifexists('intel_s', ''),\n        SrcIpEnrichmentsGeoSubdivision=column_ifexists('src_ip_enrichments_geo_subdivision_s', ''),\n        SrcIpEnrichmentsGeoCity=column_ifexists('src_ip_enrichments_geo_city_s', ''),\n        SrcIpEnrichmentsAnnotationsApplications=column_ifexists('src_ip_enrichments_annotations_applications_s', ''),\n        SrcIpEnrichmentsAnnotationsEnvironments=column_ifexists('src_ip_enrichments_annotations_environments_s', ''),\n        SrcIpEnrichmentsAnnotationsLocation=column_ifexists('src_ip_enrichments_annotations_locations_s', ''),\n        HttpHostnameEnrichmentsIpEnrichmentsGeoCountry=column_ifexists('http_hostname_enrichments_ip_enrichments_geo_country_s', ''),\n        HttpHostnameEnrichmentsIpEnrichmentsGeoSubdivision=column_ifexists('http_hostname_enrichments_ip_enrichments_geo_subdivision_s', ''),\n        HttpHostnameEnrichmentsIpEnrichmentsGeoCity=column_ifexists('http_hostname_enrichments_ip_enrichments_geo_city_s', ''),\n        HttpHostnameEnrichmentsIpEnrichmentsAsnAsn=column_ifexists('http_hostname_enrichments_ip_enrichments_asn_asn_d', ''),\n        HttpHostnameEnrichmentsIpEnrichmentsAsnOrg=column_ifexists('http_hostname_enrichments_ip_enrichments_asn_org_s', ''),\n        HttpHostnameEnrichmentsIpEnrichmentsAsnIsp=column_ifexists('http_hostname_enrichments_ip_enrichments_asn_isp_s', ''),\n        HttpHostnameEnrichmentsIpEnrichmentsAsnAsnOrg=column_ifexists('http_hostname_enrichments_ip_enrichments_asn_asn_org_s', ''),\n        HttpHostnameEnrichmentsIpEnrichmentsInternal=column_ifexists('http_hostname_enrichments_ip_enrichments_internal_b', ''),\n        HttpHostnameEnrichmentsIpEnrichmentsGeoLocation=column_ifexists('http_hostname_enrichments_ip_enrichments_geo_location_s', ''),\n        HttpRedirect=column_ifexists('http_redirect_s', ''),\n        SrcIpEnrichmentsGeoCountry=column_ifexists('src_ip_enrichments_geo_country_s', ''),\n        SrcIpEnrichmentsAsnAsn=column_ifexists('src_ip_enrichments_asn_asn_d', ''),\n        SrcIpEnrichmentsAsnOrg=column_ifexists('src_ip_enrichments_asn_org_s', ''),\n        SrcIpEnrichmentsAsnIsp=column_ifexists('src_ip_enrichments_asn_isp_s', ''),\n        SrcIpEnrichmentsAsnAsnOrg=column_ifexists('src_ip_enrichments_asn_asn_org_s', ''),\n        Timestamp=column_ifexists('timestamp_t', ''),\n        UUID=column_ifexists('uuid_g', ''),\n        EventType=column_ifexists('event_type_s', ''),\n        CustomerId=column_ifexists('customer_id_s', ''),\n        SensorId=column_ifexists('sensor_id_s', ''),\n        Source=column_ifexists('source_s', ''),\n        SrcIp=column_ifexists('src_ip_s', ''),\n        SrcIpEnrichmentsInternal=column_ifexists('src_ip_enrichments_internal_b', ''),\n        SrcIpEnrichmentsGeoLatitude=column_ifexists('src_ip_enrichments_geo_location_lat_d', ''),\n        SrcIpEnrichmentsGeoLongitude=column_ifexists('src_ip_enrichments_geo_location_lon_d', ''),\n        SrcPort=column_ifexists('src_port_d', ''),\n        DesIp=column_ifexists('dest_ip_s', ''),\n        DstIpEnrichmentsInternal=column_ifexists('dst_ip_enrichments_internal_b', ''),\n        DstIpEnrichmentsGeoLatitude=column_ifexists('dst_ip_enrichments_geo_location_lat_d', ''),\n        DstIpEnrichmentsGeoLongitude=column_ifexists('dst_ip_enrichments_geo_location_lon_d', ''),\n        DstIpEnrichmentsGeoCountry=column_ifexists('dst_ip_enrichments_geo_country_s', ''),\n        DstIpEnrichmentsGeoSubdevision=column_ifexists('dst_ip_enrichments_geo_subdivision_s', ''),\n        DstIpEnrichmentsGeoCity=column_ifexists('dst_ip_enrichments_geo_city_s', ''),\n        DstIpEnrichmentsAsnAsn=column_ifexists('dst_ip_enrichments_asn_asn_d', ''),\n        DstIpEnrichmentsAsnOrg=column_ifexists('dst_ip_enrichments_asn_org_s', ''),\n        DstIpEnrichmentsAsnIsp=column_ifexists('dst_ip_enrichments_asn_isp_s', ''),\n        DstIpEnrichmentsAsnAsnOrg=column_ifexists('dst_ip_enrichments_asn_asn_org_s', ''),\n        GeoDistance=column_ifexists('geo_distance_d', ''),\n        Destport=column_ifexists('dest_port_d', ''),\n        Protoco=column_ifexists('proto_s', ''),\n        AlertSignatureId=column_ifexists('alert_signature_id_d', ''),\n        AlertRev=column_ifexists('alert_rev_d', ''),\n        AlertSignature=column_ifexists('alert_signature_s', ''),\n        AlertCategory=column_ifexists('alert_category_s', ''),\n        AlertSeverity=column_ifexists('alert_severity_d', ''),\n        HttpStatus=column_ifexists('http_status_d', ''),\n        HttpProtoco=column_ifexists('http_protocol_s', ''),\n        HttpUrl=column_ifexists('http_url_s', ''),\n        HttpHostname=column_ifexists('http_hostname_s', ''),\n        HttpHostnameEnrichmentsDomainEnrichmentsDomainEntropy=column_ifexists('http_hostname_enrichments_domain_enrichments_domain_entropy_d', ''),\n        HttpLength=column_ifexists('http_length_d', ''),\n        HttpMethod=column_ifexists('http_http_method_s', ''),\n        HttpContentType=column_ifexists('http_http_content_type_s', ''),\n        HttpUserAgent=column_ifexists('http_http_user_agent_s', ''),\n        Payload=column_ifexists('payload_s', ''),\n        DstIpEnrichmentsAnnotationsApplications=column_ifexists('dst_ip_enrichments_annotations_applications_s', ''),\n        DstIpEnrichmentsAnnotationsEnvironments=column_ifexists('dst_ip_enrichments_annotations_environments_s', ''),\n        DstIpEnrichmentsAnnotationsLocations=column_ifexists('dst_ip_enrichments_annotations_locations_s', '')\n    | project\n        TimeGenerated,\n        DstIpEnrichmentsAnnotationsTags,\n        SrcIpEnrichmentsAnnotationTags,\n        HttpRefer,\n        Intel,\n        SrcIpEnrichmentsGeoSubdivision,\n        SrcIpEnrichmentsGeoCity,\n        SrcIpEnrichmentsAnnotationsApplications,\n        SrcIpEnrichmentsAnnotationsEnvironments,\n        SrcIpEnrichmentsAnnotationsLocation,\n        HttpHostnameEnrichmentsIpEnrichmentsGeoCountry,\n        HttpHostnameEnrichmentsIpEnrichmentsGeoSubdivision,\n        HttpHostnameEnrichmentsIpEnrichmentsGeoCity,\n        HttpHostnameEnrichmentsIpEnrichmentsAsnAsn,\n        HttpHostnameEnrichmentsIpEnrichmentsAsnOrg,\n        HttpHostnameEnrichmentsIpEnrichmentsAsnIsp,\n        HttpHostnameEnrichmentsIpEnrichmentsAsnAsnOrg,\n        HttpHostnameEnrichmentsIpEnrichmentsInternal,\n        HttpHostnameEnrichmentsIpEnrichmentsGeoLocation,\n        HttpRedirect,\n        SrcIpEnrichmentsGeoCountry,\n        SrcIpEnrichmentsAsnAsn,\n        SrcIpEnrichmentsAsnOrg,\n        SrcIpEnrichmentsAsnIsp,\n        SrcIpEnrichmentsAsnAsnOrg,\n        Timestamp,\n        UUID,\n        EventType,\n        CustomerId,\n        SensorId,\n        Source,\n        SrcIp,\n        SrcIpEnrichmentsInternal,\n        SrcIpEnrichmentsGeoLatitude,\n        SrcIpEnrichmentsGeoLongitude,\n        SrcPort,\n        DesIp,\n        DstIpEnrichmentsInternal,\n        DstIpEnrichmentsGeoLatitude,\n        DstIpEnrichmentsGeoLongitude,\n        DstIpEnrichmentsGeoCountry,\n        DstIpEnrichmentsGeoSubdevision,\n        DstIpEnrichmentsGeoCity,\n        DstIpEnrichmentsAsnAsn,\n        DstIpEnrichmentsAsnOrg,\n        DstIpEnrichmentsAsnIsp,\n        DstIpEnrichmentsAsnAsnOrg,\n        GeoDistance,\n        Destport,\n        Protoco,\n        AlertSignatureId,\n        AlertRev,\n        AlertSignature,\n        AlertCategory,\n        AlertSeverity,\n        HttpStatus,\n        HttpProtoco,\n        HttpUrl,\n        HttpHostname,\n        HttpHostnameEnrichmentsDomainEnrichmentsDomainEntropy,\n        HttpLength,\n        HttpMethod,\n        HttpContentType,\n        HttpUserAgent,\n        Payload,\n        DstIpEnrichmentsAnnotationsApplications,\n        DstIpEnrichmentsAnnotationsEnvironments,\n        DstIpEnrichmentsAnnotationsLocations,\n        Type\n};\n\nlet FortiNDR_Cloud_observation_view = view () {\n    FncEventsObservation_CL\n    | extend\n        Intel=column_ifexists('intel_s', ''),\n        DstIpEnrichmentsGeoCountry=column_ifexists('dst_ip_enrichments_geo_country_s', ''),\n        DstIpEnrichmentsGeoSubdivision=column_ifexists('dst_ip_enrichments_geo_subdivision_s', ''),\n        DstIpEnrichmentsGeoCity=column_ifexists('dst_ip_enrichments_geo_city_s', ''),\n        DstIpEnrichmentsAsnAsn=column_ifexists('dst_ip_enrichments_asn_asn_d', ''),\n        DstIpEnrichmentsAsnOrg=column_ifexists('dst_ip_enrichments_asn_org_s', ''),\n        DstIpEnrichmentsAsnIsp=column_ifexists('dst_ip_enrichments_asn_isp_s', ''),\n        DstIpEnrichmentsAsnAsnOrg=column_ifexists('dst_ip_enrichments_asn_asn_org_s', ''),\n        Timestamp=column_ifexists('timestamp_t', ''),\n        UUId=column_ifexists('uuid_g', ''),\n        EventType=column_ifexists('event_type_s', ''),\n        CustomerId=column_ifexists('customer_id_s', ''),\n        SensorId=column_ifexists('sensor_id_s', ''),\n        Source=column_ifexists('source_s', ''),\n        EvidenceStartTimestamp=column_ifexists('evidence_start_timestamp_t', ''),\n        EvidenceEndTimestamp=column_ifexists('evidence_end_timestamp_t', ''),\n        ObservationUUID=column_ifexists('observation_uuid_g', ''),\n        Title=column_ifexists('\ttitle_s', ''),\n        Confidence=column_ifexists('confidence_s', ''),\n        SrcIp=column_ifexists('src_ip_s', ''),\n        SrcIpEnrichmentsInternal=column_ifexists('src_ip_enrichments_internal_b', ''),\n        SrcIpEnrichmentsGeoLatitude=column_ifexists('src_ip_enrichments_geo_location_lat_d', ''),\n        SrcIpEnrichmentsGeoLongitude=column_ifexists('src_ip_enrichments_geo_location_lon_d', ''),\n        DstIp=column_ifexists('dst_ip_s', ''),\n        DstIpEnrichmentsInternal=column_ifexists('dst_ip_enrichments_internal_b', ''),\n        DstIpEnrichmentsGeoLatitude=column_ifexists('dst_ip_enrichments_geo_location_lat_d', ''),\n        DstIpEnrichmentsGeoLongitude=column_ifexists('dst_ip_enrichments_geo_location_lon_d', ''),\n        DstIpEnrichmentsAnnotationsApplications=column_ifexists('dst_ip_enrichments_annotations_applications_s', ''),\n        DstIpEnrichmentsAnnotationsTags=column_ifexists('dst_ip_enrichments_annotations_tags_s', ''),\n        GeoDistance=column_ifexists('geo_distance_d', ''),\n        SensorIds=column_ifexists('sensor_ids_s', ''),\n        EvidenceIQL=column_ifexists('evidence_iql_s', ''),\n        Context=column_ifexists('context_s', ''),\n        Description=column_ifexists('description_s', ''),\n        Class=column_ifexists('class_s', '')\n    | project\n        TimeGenerated,\n        Category,\n        Intel,\n        DstIpEnrichmentsGeoCountry,\n        DstIpEnrichmentsGeoSubdivision,\n        DstIpEnrichmentsGeoCity,\n        DstIpEnrichmentsAsnAsn,\n        DstIpEnrichmentsAsnOrg,\n        DstIpEnrichmentsAsnIsp,\n        DstIpEnrichmentsAsnAsnOrg,\n        Timestamp,\n        UUId,\n        EventType,\n        CustomerId,\n        SensorId,\n        Source,\n        EvidenceStartTimestamp,\n        EvidenceEndTimestamp,\n        ObservationUUID,\n        Title,\n        Confidence,\n        SrcIp,\n        SrcIpEnrichmentsInternal,\n        SrcIpEnrichmentsGeoLatitude,\n        SrcIpEnrichmentsGeoLongitude,\n        DstIp,\n        DstIpEnrichmentsInternal,\n        DstIpEnrichmentsGeoLatitude,\n        DstIpEnrichmentsGeoLongitude,\n        DstIpEnrichmentsAnnotationsApplications,\n        DstIpEnrichmentsAnnotationsTags,\n        GeoDistance,\n        SensorIds,\n        EvidenceIQL,\n        Context,\n        Description,\n        Class,\n        Type\n};\n\nlet FortiNDR_Cloud_detections_view = view () {\n    FncEventsDetections_CL\n    | extend\n        Date_Resolved=column_ifexists('resolution_timestamp_t', ''),\n        Resolution=column_ifexists('resolution_s', ''),\n        Account_UUID=column_ifexists('account_uuid_g', ''),\n        Event_Count=column_ifexists('event_count_d', ''),\n        Rule_Name=column_ifexists('rule_name_s', ''),\n        Severity=column_ifexists('rule_severity_s', ''),\n        Confidence=column_ifexists('rule_confidence_s', ''),\n        Category=column_ifexists('rule_category_s', ''),\n        Device_IP=column_ifexists('device_ip_s', ''),\n        Sensor_ID=column_ifexists('sensor_id_s', ''),\n        Muted=column_ifexists('muted_b', ''),\n        Rule_Muted=column_ifexists('muted_rule_b', ''),\n        Rule_UUID=column_ifexists('rule_uuid_g', ''),\n        Mute_Comment=column_ifexists('muted_comment_s', ''),\n        First_Seen=column_ifexists('first_seen_t', ''),\n        Last_Seen=column_ifexists('last_seen_t', ''),\n        Created=column_ifexists('created_t', ''),\n        Updated=column_ifexists('updated_t', ''),\n        UUID=column_ifexists('uuid_g', ''),\n        Status=column_ifexists('status_s', ''),\n        Indicators=column_ifexists('indicators_s', '')\n    | project\n        TimeGenerated,\n        Type,\n        Date_Resolved,\n        Resolution,\n        Account_UUID,\n        Event_Count,\n        Rule_Name,\n        Severity,\n        Confidence,\n        Category,\n        Device_IP,\n        Sensor_ID,\n        Muted,\n        Rule_Muted,\n        Rule_UUID,\n        Mute_Comment,\n        First_Seen,\n        Last_Seen,\n        Created,\n        Updated,\n        UUID,\n        Status,\n        Indicators\n};\n\nunion isfuzzy=true\n    FortiNDR_Cloud_suricata_view,\n    FortiNDR_Cloud_observation_view,\n    FortiNDR_Cloud_detections_view",
                "functionParameters": "",
                "version": 1,
                "tags": [
                  {
                    "name": "description",
                    "value": "Fortinet_FortiNDR_Cloud"
                  }
                ]
              }
            },
            {
              "type": "Microsoft.OperationalInsights/workspaces/providers/metadata",
              "apiVersion": "2022-01-01-preview",
              "name": "[concat(parameters('workspace'),'/Microsoft.SecurityInsights/',concat('Parser-', last(split(variables('_parserId1'),'/'))))]",
              "dependsOn": [
                "[variables('_parserId1')]"
              ],
              "properties": {
                "parentId": "[resourceId('Microsoft.OperationalInsights/workspaces/savedSearches', parameters('workspace'), variables('parserName1'))]",
                "contentId": "[variables('_parserContentId1')]",
                "kind": "Parser",
                "version": "[variables('parserVersion1')]",
                "source": {
                  "name": "Fortinet FortiNDR Cloud",
                  "kind": "Solution",
                  "sourceId": "[variables('_solutionId')]"
                },
                "author": {
                  "name": "Microsoft",
                  "email": "[variables('_email')]"
                },
                "support": {
                  "tier": "Microsoft",
                  "name": "Microsoft Corporation",
                  "email": "support@microsoft.com",
                  "link": "https://support.microsoft.com/"
                }
              }
            }
          ]
        },
        "packageKind": "Solution",
        "packageVersion": "[variables('_solutionVersion')]",
        "packageName": "[variables('_solutionName')]",
        "packageId": "[variables('_solutionId')]",
        "contentSchemaVersion": "3.0.0",
        "contentId": "[variables('_parserContentId1')]",
        "contentKind": "Parser",
        "displayName": "Fortinet_FortiNDR_Cloud",
        "contentProductId": "[variables('_parsercontentProductId1')]",
        "id": "[variables('_parsercontentProductId1')]",
        "version": "[variables('parserVersion1')]"
      }
    },
    {
      "type": "Microsoft.OperationalInsights/workspaces/savedSearches",
      "apiVersion": "2022-10-01",
      "name": "[variables('_parserName1')]",
      "location": "[parameters('workspace-location')]",
      "properties": {
        "eTag": "*",
        "displayName": "Fortinet_FortiNDR_Cloud",
        "category": "Samples",
        "functionAlias": "Fortinet_FortiNDR_Cloud",
        "query": "\n\nlet FortiNDR_Cloud_suricata_view = view () {\n    FncEventsSuricata_CL\n    | extend\n        DstIpEnrichmentsAnnotationsTags=column_ifexists('dst_ip_enrichments_annotations_tags_s', ''),\n        SrcIpEnrichmentsAnnotationTags=column_ifexists('src_ip_enrichments_annotations_tags_s', ''),\n        HttpRefer=column_ifexists('http_http_refer_s', ''),\n        Intel=column_ifexists('intel_s', ''),\n        SrcIpEnrichmentsGeoSubdivision=column_ifexists('src_ip_enrichments_geo_subdivision_s', ''),\n        SrcIpEnrichmentsGeoCity=column_ifexists('src_ip_enrichments_geo_city_s', ''),\n        SrcIpEnrichmentsAnnotationsApplications=column_ifexists('src_ip_enrichments_annotations_applications_s', ''),\n        SrcIpEnrichmentsAnnotationsEnvironments=column_ifexists('src_ip_enrichments_annotations_environments_s', ''),\n        SrcIpEnrichmentsAnnotationsLocation=column_ifexists('src_ip_enrichments_annotations_locations_s', ''),\n        HttpHostnameEnrichmentsIpEnrichmentsGeoCountry=column_ifexists('http_hostname_enrichments_ip_enrichments_geo_country_s', ''),\n        HttpHostnameEnrichmentsIpEnrichmentsGeoSubdivision=column_ifexists('http_hostname_enrichments_ip_enrichments_geo_subdivision_s', ''),\n        HttpHostnameEnrichmentsIpEnrichmentsGeoCity=column_ifexists('http_hostname_enrichments_ip_enrichments_geo_city_s', ''),\n        HttpHostnameEnrichmentsIpEnrichmentsAsnAsn=column_ifexists('http_hostname_enrichments_ip_enrichments_asn_asn_d', ''),\n        HttpHostnameEnrichmentsIpEnrichmentsAsnOrg=column_ifexists('http_hostname_enrichments_ip_enrichments_asn_org_s', ''),\n        HttpHostnameEnrichmentsIpEnrichmentsAsnIsp=column_ifexists('http_hostname_enrichments_ip_enrichments_asn_isp_s', ''),\n        HttpHostnameEnrichmentsIpEnrichmentsAsnAsnOrg=column_ifexists('http_hostname_enrichments_ip_enrichments_asn_asn_org_s', ''),\n        HttpHostnameEnrichmentsIpEnrichmentsInternal=column_ifexists('http_hostname_enrichments_ip_enrichments_internal_b', ''),\n        HttpHostnameEnrichmentsIpEnrichmentsGeoLocation=column_ifexists('http_hostname_enrichments_ip_enrichments_geo_location_s', ''),\n        HttpRedirect=column_ifexists('http_redirect_s', ''),\n        SrcIpEnrichmentsGeoCountry=column_ifexists('src_ip_enrichments_geo_country_s', ''),\n        SrcIpEnrichmentsAsnAsn=column_ifexists('src_ip_enrichments_asn_asn_d', ''),\n        SrcIpEnrichmentsAsnOrg=column_ifexists('src_ip_enrichments_asn_org_s', ''),\n        SrcIpEnrichmentsAsnIsp=column_ifexists('src_ip_enrichments_asn_isp_s', ''),\n        SrcIpEnrichmentsAsnAsnOrg=column_ifexists('src_ip_enrichments_asn_asn_org_s', ''),\n        Timestamp=column_ifexists('timestamp_t', ''),\n        UUID=column_ifexists('uuid_g', ''),\n        EventType=column_ifexists('event_type_s', ''),\n        CustomerId=column_ifexists('customer_id_s', ''),\n        SensorId=column_ifexists('sensor_id_s', ''),\n        Source=column_ifexists('source_s', ''),\n        SrcIp=column_ifexists('src_ip_s', ''),\n        SrcIpEnrichmentsInternal=column_ifexists('src_ip_enrichments_internal_b', ''),\n        SrcIpEnrichmentsGeoLatitude=column_ifexists('src_ip_enrichments_geo_location_lat_d', ''),\n        SrcIpEnrichmentsGeoLongitude=column_ifexists('src_ip_enrichments_geo_location_lon_d', ''),\n        SrcPort=column_ifexists('src_port_d', ''),\n        DesIp=column_ifexists('dest_ip_s', ''),\n        DstIpEnrichmentsInternal=column_ifexists('dst_ip_enrichments_internal_b', ''),\n        DstIpEnrichmentsGeoLatitude=column_ifexists('dst_ip_enrichments_geo_location_lat_d', ''),\n        DstIpEnrichmentsGeoLongitude=column_ifexists('dst_ip_enrichments_geo_location_lon_d', ''),\n        DstIpEnrichmentsGeoCountry=column_ifexists('dst_ip_enrichments_geo_country_s', ''),\n        DstIpEnrichmentsGeoSubdevision=column_ifexists('dst_ip_enrichments_geo_subdivision_s', ''),\n        DstIpEnrichmentsGeoCity=column_ifexists('dst_ip_enrichments_geo_city_s', ''),\n        DstIpEnrichmentsAsnAsn=column_ifexists('dst_ip_enrichments_asn_asn_d', ''),\n        DstIpEnrichmentsAsnOrg=column_ifexists('dst_ip_enrichments_asn_org_s', ''),\n        DstIpEnrichmentsAsnIsp=column_ifexists('dst_ip_enrichments_asn_isp_s', ''),\n        DstIpEnrichmentsAsnAsnOrg=column_ifexists('dst_ip_enrichments_asn_asn_org_s', ''),\n        GeoDistance=column_ifexists('geo_distance_d', ''),\n        Destport=column_ifexists('dest_port_d', ''),\n        Protoco=column_ifexists('proto_s', ''),\n        AlertSignatureId=column_ifexists('alert_signature_id_d', ''),\n        AlertRev=column_ifexists('alert_rev_d', ''),\n        AlertSignature=column_ifexists('alert_signature_s', ''),\n        AlertCategory=column_ifexists('alert_category_s', ''),\n        AlertSeverity=column_ifexists('alert_severity_d', ''),\n        HttpStatus=column_ifexists('http_status_d', ''),\n        HttpProtoco=column_ifexists('http_protocol_s', ''),\n        HttpUrl=column_ifexists('http_url_s', ''),\n        HttpHostname=column_ifexists('http_hostname_s', ''),\n        HttpHostnameEnrichmentsDomainEnrichmentsDomainEntropy=column_ifexists('http_hostname_enrichments_domain_enrichments_domain_entropy_d', ''),\n        HttpLength=column_ifexists('http_length_d', ''),\n        HttpMethod=column_ifexists('http_http_method_s', ''),\n        HttpContentType=column_ifexists('http_http_content_type_s', ''),\n        HttpUserAgent=column_ifexists('http_http_user_agent_s', ''),\n        Payload=column_ifexists('payload_s', ''),\n        DstIpEnrichmentsAnnotationsApplications=column_ifexists('dst_ip_enrichments_annotations_applications_s', ''),\n        DstIpEnrichmentsAnnotationsEnvironments=column_ifexists('dst_ip_enrichments_annotations_environments_s', ''),\n        DstIpEnrichmentsAnnotationsLocations=column_ifexists('dst_ip_enrichments_annotations_locations_s', '')\n    | project\n        TimeGenerated,\n        DstIpEnrichmentsAnnotationsTags,\n        SrcIpEnrichmentsAnnotationTags,\n        HttpRefer,\n        Intel,\n        SrcIpEnrichmentsGeoSubdivision,\n        SrcIpEnrichmentsGeoCity,\n        SrcIpEnrichmentsAnnotationsApplications,\n        SrcIpEnrichmentsAnnotationsEnvironments,\n        SrcIpEnrichmentsAnnotationsLocation,\n        HttpHostnameEnrichmentsIpEnrichmentsGeoCountry,\n        HttpHostnameEnrichmentsIpEnrichmentsGeoSubdivision,\n        HttpHostnameEnrichmentsIpEnrichmentsGeoCity,\n        HttpHostnameEnrichmentsIpEnrichmentsAsnAsn,\n        HttpHostnameEnrichmentsIpEnrichmentsAsnOrg,\n        HttpHostnameEnrichmentsIpEnrichmentsAsnIsp,\n        HttpHostnameEnrichmentsIpEnrichmentsAsnAsnOrg,\n        HttpHostnameEnrichmentsIpEnrichmentsInternal,\n        HttpHostnameEnrichmentsIpEnrichmentsGeoLocation,\n        HttpRedirect,\n        SrcIpEnrichmentsGeoCountry,\n        SrcIpEnrichmentsAsnAsn,\n        SrcIpEnrichmentsAsnOrg,\n        SrcIpEnrichmentsAsnIsp,\n        SrcIpEnrichmentsAsnAsnOrg,\n        Timestamp,\n        UUID,\n        EventType,\n        CustomerId,\n        SensorId,\n        Source,\n        SrcIp,\n        SrcIpEnrichmentsInternal,\n        SrcIpEnrichmentsGeoLatitude,\n        SrcIpEnrichmentsGeoLongitude,\n        SrcPort,\n        DesIp,\n        DstIpEnrichmentsInternal,\n        DstIpEnrichmentsGeoLatitude,\n        DstIpEnrichmentsGeoLongitude,\n        DstIpEnrichmentsGeoCountry,\n        DstIpEnrichmentsGeoSubdevision,\n        DstIpEnrichmentsGeoCity,\n        DstIpEnrichmentsAsnAsn,\n        DstIpEnrichmentsAsnOrg,\n        DstIpEnrichmentsAsnIsp,\n        DstIpEnrichmentsAsnAsnOrg,\n        GeoDistance,\n        Destport,\n        Protoco,\n        AlertSignatureId,\n        AlertRev,\n        AlertSignature,\n        AlertCategory,\n        AlertSeverity,\n        HttpStatus,\n        HttpProtoco,\n        HttpUrl,\n        HttpHostname,\n        HttpHostnameEnrichmentsDomainEnrichmentsDomainEntropy,\n        HttpLength,\n        HttpMethod,\n        HttpContentType,\n        HttpUserAgent,\n        Payload,\n        DstIpEnrichmentsAnnotationsApplications,\n        DstIpEnrichmentsAnnotationsEnvironments,\n        DstIpEnrichmentsAnnotationsLocations,\n        Type\n};\n\nlet FortiNDR_Cloud_observation_view = view () {\n    FncEventsObservation_CL\n    | extend\n        Intel=column_ifexists('intel_s', ''),\n        DstIpEnrichmentsGeoCountry=column_ifexists('dst_ip_enrichments_geo_country_s', ''),\n        DstIpEnrichmentsGeoSubdivision=column_ifexists('dst_ip_enrichments_geo_subdivision_s', ''),\n        DstIpEnrichmentsGeoCity=column_ifexists('dst_ip_enrichments_geo_city_s', ''),\n        DstIpEnrichmentsAsnAsn=column_ifexists('dst_ip_enrichments_asn_asn_d', ''),\n        DstIpEnrichmentsAsnOrg=column_ifexists('dst_ip_enrichments_asn_org_s', ''),\n        DstIpEnrichmentsAsnIsp=column_ifexists('dst_ip_enrichments_asn_isp_s', ''),\n        DstIpEnrichmentsAsnAsnOrg=column_ifexists('dst_ip_enrichments_asn_asn_org_s', ''),\n        Timestamp=column_ifexists('timestamp_t', ''),\n        UUId=column_ifexists('uuid_g', ''),\n        EventType=column_ifexists('event_type_s', ''),\n        CustomerId=column_ifexists('customer_id_s', ''),\n        SensorId=column_ifexists('sensor_id_s', ''),\n        Source=column_ifexists('source_s', ''),\n        EvidenceStartTimestamp=column_ifexists('evidence_start_timestamp_t', ''),\n        EvidenceEndTimestamp=column_ifexists('evidence_end_timestamp_t', ''),\n        ObservationUUID=column_ifexists('observation_uuid_g', ''),\n        Title=column_ifexists('\ttitle_s', ''),\n        Confidence=column_ifexists('confidence_s', ''),\n        SrcIp=column_ifexists('src_ip_s', ''),\n        SrcIpEnrichmentsInternal=column_ifexists('src_ip_enrichments_internal_b', ''),\n        SrcIpEnrichmentsGeoLatitude=column_ifexists('src_ip_enrichments_geo_location_lat_d', ''),\n        SrcIpEnrichmentsGeoLongitude=column_ifexists('src_ip_enrichments_geo_location_lon_d', ''),\n        DstIp=column_ifexists('dst_ip_s', ''),\n        DstIpEnrichmentsInternal=column_ifexists('dst_ip_enrichments_internal_b', ''),\n        DstIpEnrichmentsGeoLatitude=column_ifexists('dst_ip_enrichments_geo_location_lat_d', ''),\n        DstIpEnrichmentsGeoLongitude=column_ifexists('dst_ip_enrichments_geo_location_lon_d', ''),\n        DstIpEnrichmentsAnnotationsApplications=column_ifexists('dst_ip_enrichments_annotations_applications_s', ''),\n        DstIpEnrichmentsAnnotationsTags=column_ifexists('dst_ip_enrichments_annotations_tags_s', ''),\n        GeoDistance=column_ifexists('geo_distance_d', ''),\n        SensorIds=column_ifexists('sensor_ids_s', ''),\n        EvidenceIQL=column_ifexists('evidence_iql_s', ''),\n        Context=column_ifexists('context_s', ''),\n        Description=column_ifexists('description_s', ''),\n        Class=column_ifexists('class_s', '')\n    | project\n        TimeGenerated,\n        Category,\n        Intel,\n        DstIpEnrichmentsGeoCountry,\n        DstIpEnrichmentsGeoSubdivision,\n        DstIpEnrichmentsGeoCity,\n        DstIpEnrichmentsAsnAsn,\n        DstIpEnrichmentsAsnOrg,\n        DstIpEnrichmentsAsnIsp,\n        DstIpEnrichmentsAsnAsnOrg,\n        Timestamp,\n        UUId,\n        EventType,\n        CustomerId,\n        SensorId,\n        Source,\n        EvidenceStartTimestamp,\n        EvidenceEndTimestamp,\n        ObservationUUID,\n        Title,\n        Confidence,\n        SrcIp,\n        SrcIpEnrichmentsInternal,\n        SrcIpEnrichmentsGeoLatitude,\n        SrcIpEnrichmentsGeoLongitude,\n        DstIp,\n        DstIpEnrichmentsInternal,\n        DstIpEnrichmentsGeoLatitude,\n        DstIpEnrichmentsGeoLongitude,\n        DstIpEnrichmentsAnnotationsApplications,\n        DstIpEnrichmentsAnnotationsTags,\n        GeoDistance,\n        SensorIds,\n        EvidenceIQL,\n        Context,\n        Description,\n        Class,\n        Type\n};\n\nlet FortiNDR_Cloud_detections_view = view () {\n    FncEventsDetections_CL\n    | extend\n        Date_Resolved=column_ifexists('resolution_timestamp_t', ''),\n        Resolution=column_ifexists('resolution_s', ''),\n        Account_UUID=column_ifexists('account_uuid_g', ''),\n        Event_Count=column_ifexists('event_count_d', ''),\n        Rule_Name=column_ifexists('rule_name_s', ''),\n        Severity=column_ifexists('rule_severity_s', ''),\n        Confidence=column_ifexists('rule_confidence_s', ''),\n        Category=column_ifexists('rule_category_s', ''),\n        Device_IP=column_ifexists('device_ip_s', ''),\n        Sensor_ID=column_ifexists('sensor_id_s', ''),\n        Muted=column_ifexists('muted_b', ''),\n        Rule_Muted=column_ifexists('muted_rule_b', ''),\n        Rule_UUID=column_ifexists('rule_uuid_g', ''),\n        Mute_Comment=column_ifexists('muted_comment_s', ''),\n        First_Seen=column_ifexists('first_seen_t', ''),\n        Last_Seen=column_ifexists('last_seen_t', ''),\n        Created=column_ifexists('created_t', ''),\n        Updated=column_ifexists('updated_t', ''),\n        UUID=column_ifexists('uuid_g', ''),\n        Status=column_ifexists('status_s', ''),\n        Indicators=column_ifexists('indicators_s', '')\n    | project\n        TimeGenerated,\n        Type,\n        Date_Resolved,\n        Resolution,\n        Account_UUID,\n        Event_Count,\n        Rule_Name,\n        Severity,\n        Confidence,\n        Category,\n        Device_IP,\n        Sensor_ID,\n        Muted,\n        Rule_Muted,\n        Rule_UUID,\n        Mute_Comment,\n        First_Seen,\n        Last_Seen,\n        Created,\n        Updated,\n        UUID,\n        Status,\n        Indicators\n};\n\nunion isfuzzy=true\n    FortiNDR_Cloud_suricata_view,\n    FortiNDR_Cloud_observation_view,\n    FortiNDR_Cloud_detections_view",
        "functionParameters": "",
        "version": 1,
        "tags": [
          {
            "name": "description",
            "value": "Fortinet_FortiNDR_Cloud"
          }
        ]
      }
    },
    {
      "type": "Microsoft.OperationalInsights/workspaces/providers/metadata",
      "apiVersion": "2022-01-01-preview",
      "location": "[parameters('workspace-location')]",
      "name": "[concat(parameters('workspace'),'/Microsoft.SecurityInsights/',concat('Parser-', last(split(variables('_parserId1'),'/'))))]",
      "dependsOn": [
        "[variables('_parserId1')]"
      ],
      "properties": {
        "parentId": "[resourceId('Microsoft.OperationalInsights/workspaces/savedSearches', parameters('workspace'), variables('parserName1'))]",
        "contentId": "[variables('_parserContentId1')]",
        "kind": "Parser",
        "version": "[variables('parserVersion1')]",
        "source": {
          "kind": "Solution",
          "name": "Fortinet FortiNDR Cloud",
          "sourceId": "[variables('_solutionId')]"
        },
        "author": {
          "name": "Microsoft",
          "email": "[variables('_email')]"
        },
        "support": {
          "tier": "Microsoft",
          "name": "Microsoft Corporation",
          "email": "support@microsoft.com",
          "link": "https://support.microsoft.com/"
        }
      }
    },
    {
      "type": "Microsoft.OperationalInsights/workspaces/providers/contentTemplates",
      "apiVersion": "2023-04-01-preview",
      "name": "[variables('workbookTemplateSpecName1')]",
      "location": "[parameters('workspace-location')]",
      "dependsOn": [
        "[extensionResourceId(resourceId('Microsoft.OperationalInsights/workspaces', parameters('workspace')), 'Microsoft.SecurityInsights/contentPackages', variables('_solutionId'))]"
      ],
      "properties": {
        "description": "FortinetFortiNdrCloudWorkbookWorkbook Workbook with template version 3.0.0",
        "mainTemplate": {
          "$schema": "https://schema.management.azure.com/schemas/2019-04-01/deploymentTemplate.json#",
          "contentVersion": "[variables('workbookVersion1')]",
          "parameters": {},
          "variables": {},
          "resources": [
            {
              "type": "Microsoft.Insights/workbooks",
              "name": "[variables('workbookContentId1')]",
              "location": "[parameters('workspace-location')]",
              "kind": "shared",
              "apiVersion": "2021-08-01",
              "metadata": {
                "description": ""
              },
              "properties": {
                "displayName": "[parameters('workbook1-name')]",
                "serializedData": "{\"version\":\"Notebook/1.0\",\"items\":[{\"type\":1,\"content\":{\"json\":\"## FortiNDR Cloud workbook\\n---\\n\\nPlease use tab selector to switch between views of Suricata, Observation,and detections to view correlated charts and list tables.\"},\"name\":\"text - 2\"},{\"type\":11,\"content\":{\"version\":\"LinkItem/1.0\",\"style\":\"tabs\",\"links\":[{\"id\":\"514047f6-4d61-4f59-9f79-6c22c20645c0\",\"cellValue\":\"selectedTab\",\"linkTarget\":\"parameter\",\"linkLabel\":\"Suricata\",\"subTarget\":\"Suricata\",\"style\":\"link\"},{\"id\":\"f20fabf1-3a44-417d-9e97-3d62d1990c8d\",\"cellValue\":\"selectedTab\",\"linkTarget\":\"parameter\",\"linkLabel\":\"Observation\",\"subTarget\":\"Observation\",\"style\":\"link\"},{\"id\":\"392a41e1-a18c-4a6d-8144-c51e27a8bf4e\",\"cellValue\":\"selectedTab\",\"linkTarget\":\"parameter\",\"linkLabel\":\"Detection\",\"subTarget\":\"Detection\",\"style\":\"link\"}]},\"name\":\"links - 11\"},{\"type\":12,\"content\":{\"version\":\"NotebookGroup/1.0\",\"groupType\":\"editable\",\"items\":[{\"type\":1,\"content\":{\"json\":\"### Suricata charts and list tables\"},\"name\":\"text - 0\"},{\"type\":9,\"content\":{\"version\":\"KqlParameterItem/1.0\",\"parameters\":[{\"id\":\"7b566fdf-c574-466d-8a25-eec9e314f560\",\"version\":\"KqlParameterItem/1.0\",\"name\":\"TimeRange\",\"type\":4,\"isRequired\":true,\"typeSettings\":{\"selectableValues\":[{\"durationMs\":300000},{\"durationMs\":900000},{\"durationMs\":1800000},{\"durationMs\":3600000},{\"durationMs\":14400000},{\"durationMs\":43200000},{\"durationMs\":86400000},{\"durationMs\":172800000},{\"durationMs\":259200000},{\"durationMs\":604800000},{\"durationMs\":1209600000},{\"durationMs\":2419200000},{\"durationMs\":2592000000},{\"durationMs\":5184000000},{\"durationMs\":7776000000}],\"allowCustom\":true},\"timeContext\":{\"durationMs\":86400000},\"value\":{\"durationMs\":1209600000}},{\"id\":\"0ce88674-9bf5-4c52-8286-28d3cf030e18\",\"version\":\"KqlParameterItem/1.0\",\"name\":\"Category\",\"type\":2,\"query\":\"FncEventsSuricata_CL\\n| summarize by alert_category_s\\n| order by alert_category_s asc\",\"queryType\":0,\"resourceType\":\"microsoft.operationalinsights/workspaces\"}],\"style\":\"pills\",\"queryType\":0,\"resourceType\":\"microsoft.operationalinsights/workspaces\"},\"name\":\"parameters - 3\"},{\"type\":3,\"content\":{\"version\":\"KqlItem/1.0\",\"query\":\"Fortinet_FortiNDR_Cloud\\n| where Type == 'FncEventsSuricata_CL'\\n| where Timestamp between ({TimeRange:start} .. {TimeRange:end})\\n| where isempty('{Category}') or (AlertCategory == '{Category}')\\n| summarize Count=count() by AlertCategory, bin(Timestamp, 1d)\",\"size\":0,\"showAnalytics\":true,\"title\":\"FNC Suricata Chart\",\"showRefreshButton\":true,\"showExportToExcel\":true,\"queryType\":0,\"resourceType\":\"microsoft.operationalinsights/workspaces\",\"visualization\":\"barchart\"},\"name\":\"query - 2\"},{\"type\":9,\"content\":{\"version\":\"KqlParameterItem/1.0\",\"parameters\":[{\"id\":\"5d5a54f3-6fca-4368-aea2-a2d0326daa62\",\"version\":\"KqlParameterItem/1.0\",\"name\":\"TimeRange\",\"type\":4,\"isRequired\":true,\"typeSettings\":{\"selectableValues\":[{\"durationMs\":300000},{\"durationMs\":900000},{\"durationMs\":1800000},{\"durationMs\":3600000},{\"durationMs\":14400000},{\"durationMs\":43200000},{\"durationMs\":86400000},{\"durationMs\":172800000},{\"durationMs\":259200000},{\"durationMs\":604800000},{\"durationMs\":1209600000},{\"durationMs\":2419200000},{\"durationMs\":2592000000},{\"durationMs\":5184000000},{\"durationMs\":7776000000}],\"allowCustom\":true},\"timeContext\":{\"durationMs\":86400000},\"value\":{\"durationMs\":2592000000}},{\"id\":\"03cace3a-c0d6-4184-a1aa-346c67578b6b\",\"version\":\"KqlParameterItem/1.0\",\"name\":\"Category\",\"type\":2,\"query\":\"FncEventsSuricata_CL\\n| summarize by alert_category_s\\n| order by alert_category_s asc\",\"typeSettings\":{\"showDefault\":false},\"queryType\":0,\"resourceType\":\"microsoft.operationalinsights/workspaces\"}],\"style\":\"pills\",\"queryType\":0,\"resourceType\":\"microsoft.operationalinsights/workspaces\"},\"name\":\"parameters - 3 - Copy\"},{\"type\":3,\"content\":{\"version\":\"KqlItem/1.0\",\"query\":\"Fortinet_FortiNDR_Cloud\\n| where Type == 'FncEventsSuricata_CL'\\n| where  Timestamp between ({TimeRange:start} .. {TimeRange:end})\\n| where isempty('{Category}') or (AlertCategory == '{Category}')\\n| project TimeGenerated, DstIpEnrichmentsAnnotationsTags, SrcIpEnrichmentsAnnotationTags, HttpRefer, Intel, SrcIpEnrichmentsGeoSubdivision, SrcIpEnrichmentsGeoCity, SrcIpEnrichmentsAnnotationsApplications, SrcIpEnrichmentsAnnotationsEnvironments, SrcIpEnrichmentsAnnotationsLocation, HttpHostnameEnrichmentsIpEnrichmentsGeoCountry, HttpHostnameEnrichmentsIpEnrichmentsGeoSubdivision, HttpHostnameEnrichmentsIpEnrichmentsGeoCity,  HttpHostnameEnrichmentsIpEnrichmentsAsnAsn,  HttpHostnameEnrichmentsIpEnrichmentsAsnOrg, HttpHostnameEnrichmentsIpEnrichmentsAsnIsp, HttpHostnameEnrichmentsIpEnrichmentsAsnAsnOrg, HttpHostnameEnrichmentsIpEnrichmentsInternal, HttpHostnameEnrichmentsIpEnrichmentsGeoLocation, HttpRedirect, SrcIpEnrichmentsGeoCountry, SrcIpEnrichmentsAsnAsn, SrcIpEnrichmentsAsnOrg, SrcIpEnrichmentsAsnIsp, SrcIpEnrichmentsAsnAsnOrg, Timestamp, UUID, EventType, CustomerId, SensorId, Source, SrcIp, SrcIpEnrichmentsInternal, SrcPort, DesIp, DstIpEnrichmentsInternal, DstIpEnrichmentsGeoCountry, DstIpEnrichmentsGeoSubdevision, DstIpEnrichmentsGeoCity, DstIpEnrichmentsAsnAsn, DstIpEnrichmentsAsnOrg, DstIpEnrichmentsAsnIsp, DstIpEnrichmentsAsnAsnOrg, GeoDistance, Destport, Protoco, AlertSignatureId, AlertRev, AlertSignature, AlertCategory, AlertSeverity, HttpStatus, HttpProtoco, HttpUrl, HttpHostname,  HttpHostnameEnrichmentsDomainEnrichmentsDomainEntropy, HttpLength, HttpMethod, HttpContentType, HttpUserAgent, Payload, DstIpEnrichmentsAnnotationsApplications, DstIpEnrichmentsAnnotationsEnvironments, DstIpEnrichmentsAnnotationsLocations, Type\",\"size\":0,\"showAnalytics\":true,\"title\":\"FNC Suricata List\",\"showRefreshButton\":true,\"showExportToExcel\":true,\"exportToExcelOptions\":\"all\",\"queryType\":0,\"resourceType\":\"microsoft.operationalinsights/workspaces\",\"visualization\":\"table\",\"gridSettings\":{\"filter\":true},\"mapSettings\":{\"locInfo\":\"LatLong\",\"sizeSettings\":\"http_hostname_enrichments_ip_enrichments_asn_asn_d\",\"sizeAggregation\":\"Sum\",\"legendMetric\":\"http_hostname_enrichments_ip_enrichments_asn_asn_d\",\"legendAggregation\":\"Sum\",\"itemColorSettings\":{\"type\":\"heatmap\",\"colorAggregation\":\"Sum\",\"nodeColorField\":\"http_hostname_enrichments_ip_enrichments_asn_asn_d\",\"heatmapPalette\":\"greenRed\"}}},\"name\":\"FNC Suricata List\"}]},\"conditionalVisibility\":{\"parameterName\":\"selectedTab\",\"comparison\":\"isEqualTo\",\"value\":\"Suricata\"},\"name\":\"Suricata\"},{\"type\":12,\"content\":{\"version\":\"NotebookGroup/1.0\",\"groupType\":\"editable\",\"items\":[{\"type\":1,\"content\":{\"json\":\"### Observation charts and list tables\"},\"name\":\"text - 0\"},{\"type\":9,\"content\":{\"version\":\"KqlParameterItem/1.0\",\"parameters\":[{\"id\":\"fcd15fc8-790a-448e-8a61-1a1ec5f70e05\",\"version\":\"KqlParameterItem/1.0\",\"name\":\"TimeRange\",\"type\":4,\"isRequired\":true,\"typeSettings\":{\"selectableValues\":[{\"durationMs\":300000},{\"durationMs\":900000},{\"durationMs\":1800000},{\"durationMs\":3600000},{\"durationMs\":14400000},{\"durationMs\":43200000},{\"durationMs\":86400000},{\"durationMs\":172800000},{\"durationMs\":259200000},{\"durationMs\":604800000},{\"durationMs\":1209600000},{\"durationMs\":2419200000},{\"durationMs\":2592000000},{\"durationMs\":5184000000},{\"durationMs\":7776000000}],\"allowCustom\":true},\"timeContext\":{\"durationMs\":86400000},\"value\":{\"durationMs\":2419200000}}],\"style\":\"pills\",\"queryType\":0,\"resourceType\":\"microsoft.operationalinsights/workspaces\"},\"name\":\"parameters - 3\"},{\"type\":3,\"content\":{\"version\":\"KqlItem/1.0\",\"query\":\"Fortinet_FortiNDR_Cloud\\n| where Type == 'FncEventsObservation_CL'\\n| where Timestamp between({TimeRange:start} .. {TimeRange:end})\\n| summarize High = count(Confidence == 'high'), Moderate = count(Confidence == 'moderate'), Low = count(Confidence == 'low') by bin(Timestamp, 1d)\",\"size\":0,\"showAnalytics\":true,\"title\":\"FNC Observation Chart\",\"showRefreshButton\":true,\"showExportToExcel\":true,\"queryType\":0,\"resourceType\":\"microsoft.operationalinsights/workspaces\",\"visualization\":\"barchart\",\"tileSettings\":{\"showBorder\":false},\"graphSettings\":{\"type\":0},\"mapSettings\":{\"locInfo\":\"LatLong\",\"sizeSettings\":\"High\",\"sizeAggregation\":\"Sum\",\"legendMetric\":\"High\",\"legendAggregation\":\"Sum\",\"itemColorSettings\":{\"type\":\"heatmap\",\"colorAggregation\":\"Sum\",\"nodeColorField\":\"High\",\"heatmapPalette\":\"greenRed\"}}},\"name\":\"query - 5\"},{\"type\":9,\"content\":{\"version\":\"KqlParameterItem/1.0\",\"parameters\":[{\"id\":\"55ad269b-ead8-4f61-b429-669d632b53e1\",\"version\":\"KqlParameterItem/1.0\",\"name\":\"TimeRange\",\"type\":4,\"isRequired\":true,\"typeSettings\":{\"selectableValues\":[{\"durationMs\":300000},{\"durationMs\":900000},{\"durationMs\":1800000},{\"durationMs\":3600000},{\"durationMs\":14400000},{\"durationMs\":43200000},{\"durationMs\":86400000},{\"durationMs\":172800000},{\"durationMs\":259200000},{\"durationMs\":604800000},{\"durationMs\":1209600000},{\"durationMs\":2419200000},{\"durationMs\":2592000000},{\"durationMs\":5184000000},{\"durationMs\":7776000000}],\"allowCustom\":true},\"timeContext\":{\"durationMs\":86400000},\"value\":{\"durationMs\":604800000}},{\"id\":\"9ff7f038-1fa5-4ac1-84cb-ef8c6e91a183\",\"version\":\"KqlParameterItem/1.0\",\"name\":\"Sensor_ID\",\"type\":2,\"query\":\"FncEventsObservation_CL\\n| summarize by sensor_id_s\\n| order by sensor_id_s asc\",\"typeSettings\":{\"showDefault\":false},\"queryType\":0,\"resourceType\":\"microsoft.operationalinsights/workspaces\"},{\"id\":\"3e100d32-5ad3-4a4f-a486-f65be2c62101\",\"version\":\"KqlParameterItem/1.0\",\"name\":\"Confidence\",\"type\":2,\"isRequired\":true,\"multiSelect\":true,\"quote\":\"'\",\"delimiter\":\",\",\"typeSettings\":{\"additionalResourceOptions\":[\"value::all\"],\"showDefault\":false},\"jsonData\":\"[\\n    {\\\"value\\\":\\\"high\\\", \\\"label\\\":\\\"High\\\"},\\n    {\\\"value\\\":\\\"moderate\\\", \\\"label\\\":\\\"Moderate\\\"},\\n    {\\\"value\\\":\\\"low\\\", \\\"label\\\":\\\"Low\\\"}\\n]\",\"defaultValue\":\"value::all\"}],\"style\":\"pills\",\"queryType\":0,\"resourceType\":\"microsoft.operationalinsights/workspaces\"},\"name\":\"parameters - 3 - Copy\"},{\"type\":3,\"content\":{\"version\":\"KqlItem/1.0\",\"query\":\"Fortinet_FortiNDR_Cloud\\n| where Type == 'FncEventsObservation_CL'\\n| where Timestamp between({TimeRange:start} .. {TimeRange:end})\\n| where Confidence in ({Confidence})\\n| where isempty('{Sensor_ID}') or (SensorId == '{Sensor_ID}')\\n| project TimeGenerated, Category, Intel, DstIpEnrichmentsGeoCountry,  DstIpEnrichmentsGeoSubdivision, DstIpEnrichmentsGeoCity, DstIpEnrichmentsAsnAsn, DstIpEnrichmentsAsnOrg,  DstIpEnrichmentsAsnIsp, DstIpEnrichmentsAsnAsnOrg, Timestamp, UUId, EventType, CustomerId, SensorId, Source, EvidenceStartTimestamp, EvidenceEndTimestamp, ObservationUUID, Title, Confidence, SrcIp, SrcIpEnrichmentsInternal, DstIp, DstIpEnrichmentsInternal, DstIpEnrichmentsAnnotationsApplications, DstIpEnrichmentsAnnotationsTags, GeoDistance, SensorIds, EvidenceIQL, Context, Description, Class, Type\",\"size\":0,\"showAnalytics\":true,\"title\":\"FNC Observation List\",\"showRefreshButton\":true,\"showExportToExcel\":true,\"exportToExcelOptions\":\"all\",\"queryType\":0,\"resourceType\":\"microsoft.operationalinsights/workspaces\",\"gridSettings\":{\"rowLimit\":1000,\"filter\":true}},\"name\":\"FNC Observation List\"}]},\"conditionalVisibility\":{\"parameterName\":\"selectedTab\",\"comparison\":\"isEqualTo\",\"value\":\"Observation\"},\"name\":\"Observation\"},{\"type\":12,\"content\":{\"version\":\"NotebookGroup/1.0\",\"groupType\":\"editable\",\"items\":[{\"type\":1,\"content\":{\"json\":\"### Detection charts and list tables\"},\"name\":\"text - 0\"},{\"type\":9,\"content\":{\"version\":\"KqlParameterItem/1.0\",\"parameters\":[{\"id\":\"3e9b6847-1b6c-4ba5-87d6-a3d4b0e36046\",\"version\":\"KqlParameterItem/1.0\",\"name\":\"TimeRange\",\"type\":4,\"isRequired\":true,\"typeSettings\":{\"selectableValues\":[{\"durationMs\":300000},{\"durationMs\":900000},{\"durationMs\":1800000},{\"durationMs\":3600000},{\"durationMs\":14400000},{\"durationMs\":43200000},{\"durationMs\":86400000},{\"durationMs\":172800000},{\"durationMs\":259200000},{\"durationMs\":604800000},{\"durationMs\":1209600000},{\"durationMs\":2419200000},{\"durationMs\":2592000000},{\"durationMs\":5184000000},{\"durationMs\":7776000000}],\"allowCustom\":true},\"timeContext\":{\"durationMs\":86400000},\"value\":{\"durationMs\":2419200000}},{\"id\":\"88270ace-134e-4577-b2fd-58b4a7a0cb36\",\"version\":\"KqlParameterItem/1.0\",\"name\":\"Severity\",\"type\":2,\"isRequired\":true,\"multiSelect\":true,\"quote\":\"'\",\"delimiter\":\",\",\"typeSettings\":{\"additionalResourceOptions\":[\"value::all\"]},\"jsonData\":\"[\\n    {\\\"value\\\":\\\"high\\\", \\\"label\\\":\\\"High\\\"},\\n    {\\\"value\\\":\\\"moderate\\\", \\\"label\\\":\\\"Moderate\\\"},\\n    {\\\"value\\\":\\\"low\\\", \\\"label\\\":\\\"Low\\\"}\\n]\",\"timeContext\":{\"durationMs\":86400000},\"defaultValue\":\"value::all\",\"value\":[\"value::all\"]},{\"id\":\"cab3ce23-4ea0-4565-a7fb-2009f888198f\",\"version\":\"KqlParameterItem/1.0\",\"name\":\"Category\",\"type\":2,\"query\":\"FncEventsDetections_CL\\n| summarize by rule_category_s\\n| order by rule_category_s asc\",\"typeSettings\":{\"showDefault\":false},\"queryType\":0,\"resourceType\":\"microsoft.operationalinsights/workspaces\"}],\"style\":\"pills\",\"queryType\":0,\"resourceType\":\"microsoft.operationalinsights/workspaces\"},\"name\":\"parameters - 7\"},{\"type\":3,\"content\":{\"version\":\"KqlItem/1.0\",\"query\":\"\\nFortinet_FortiNDR_Cloud\\n| where Type == 'FncEventsDetections_CL'\\n| where Created between ({TimeRange:start} .. {TimeRange:end})\\n| where Severity in ({Severity})\\n| where isempty('{Category}') or (Category == '{Category}')\\n| summarize Count = count() by Severity, Confidence,  bin(Created, 1d)\\n| render barchart\",\"size\":0,\"showAnalytics\":true,\"title\":\"Detection Severity Chart\",\"color\":\"lightBlue\",\"showRefreshButton\":true,\"showExportToExcel\":true,\"exportToExcelOptions\":\"all\",\"queryType\":0,\"resourceType\":\"microsoft.operationalinsights/workspaces\",\"chartSettings\":{\"seriesLabelSettings\":[{\"seriesName\":\"moderate\",\"color\":\"orange\"},{\"seriesName\":\"low\",\"color\":\"yellow\"},{\"seriesName\":\"high\",\"color\":\"redBright\"}]}},\"name\":\"query - 8\",\"styleSettings\":{\"showBorder\":true}},{\"type\":9,\"content\":{\"version\":\"KqlParameterItem/1.0\",\"parameters\":[{\"id\":\"823503cb-f18b-400c-b28a-185e5b094784\",\"version\":\"KqlParameterItem/1.0\",\"name\":\"TimeRange\",\"type\":4,\"isRequired\":true,\"typeSettings\":{\"selectableValues\":[{\"durationMs\":300000},{\"durationMs\":900000},{\"durationMs\":1800000},{\"durationMs\":3600000},{\"durationMs\":14400000},{\"durationMs\":43200000},{\"durationMs\":86400000},{\"durationMs\":172800000},{\"durationMs\":259200000},{\"durationMs\":604800000},{\"durationMs\":1209600000},{\"durationMs\":2419200000},{\"durationMs\":2592000000},{\"durationMs\":5184000000},{\"durationMs\":7776000000}],\"allowCustom\":true},\"timeContext\":{\"durationMs\":86400000},\"value\":{\"durationMs\":2419200000}},{\"id\":\"dcf98b77-872d-497d-ba50-3fd601459d96\",\"version\":\"KqlParameterItem/1.0\",\"name\":\"Confidence\",\"type\":2,\"isRequired\":true,\"multiSelect\":true,\"quote\":\"'\",\"delimiter\":\",\",\"typeSettings\":{\"additionalResourceOptions\":[\"value::all\"],\"showDefault\":false},\"jsonData\":\"[\\n    {\\\"value\\\":\\\"high\\\", \\\"label\\\":\\\"High\\\"},\\n    {\\\"value\\\":\\\"moderate\\\", \\\"label\\\":\\\"Moderate\\\"},\\n    {\\\"value\\\":\\\"low\\\", \\\"label\\\":\\\"Low\\\"}\\n]\",\"timeContext\":{\"durationMs\":86400000},\"defaultValue\":\"value::all\",\"value\":[\"value::all\"]},{\"id\":\"1e1ec5ae-3c72-450b-b97b-4e2c8cf779f2\",\"version\":\"KqlParameterItem/1.0\",\"name\":\"Category\",\"type\":2,\"query\":\"FncEventsDetections_CL\\n| summarize by rule_category_s\\n| order by rule_category_s asc\",\"typeSettings\":{\"showDefault\":false},\"queryType\":0,\"resourceType\":\"microsoft.operationalinsights/workspaces\"}],\"style\":\"pills\",\"queryType\":0,\"resourceType\":\"microsoft.operationalinsights/workspaces\"},\"name\":\"parameters - 7 - Copy\"},{\"type\":3,\"content\":{\"version\":\"KqlItem/1.0\",\"query\":\"Fortinet_FortiNDR_Cloud\\n| where Type == 'FncEventsDetections_CL'\\n| where Created between ({TimeRange:start} .. {TimeRange:end})\\n| where Confidence in ({Confidence})\\n| where isempty('{Category}') or (Category == '{Category}')\\n| summarize Count = count() by Confidence,  bin(Created, 1d)\\n| render barchart\",\"size\":0,\"showAnalytics\":true,\"title\":\"Detection Confidence Chart\",\"color\":\"lightBlue\",\"showRefreshButton\":true,\"showExportToExcel\":true,\"queryType\":0,\"resourceType\":\"microsoft.operationalinsights/workspaces\",\"visualization\":\"barchart\",\"chartSettings\":{\"seriesLabelSettings\":[{\"seriesName\":\"moderate\",\"color\":\"orange\"},{\"seriesName\":\"low\",\"color\":\"yellow\"},{\"seriesName\":\"high\",\"color\":\"redBright\"}]}},\"name\":\"query - 8 - Copy\",\"styleSettings\":{\"showBorder\":true}},{\"type\":9,\"content\":{\"version\":\"KqlParameterItem/1.0\",\"parameters\":[{\"id\":\"a613556b-fcd7-440a-af79-47b839e8f76b\",\"version\":\"KqlParameterItem/1.0\",\"name\":\"TimeRange\",\"type\":4,\"isRequired\":true,\"typeSettings\":{\"selectableValues\":[{\"durationMs\":300000},{\"durationMs\":900000},{\"durationMs\":1800000},{\"durationMs\":3600000},{\"durationMs\":14400000},{\"durationMs\":43200000},{\"durationMs\":86400000},{\"durationMs\":172800000},{\"durationMs\":259200000},{\"durationMs\":604800000},{\"durationMs\":1209600000},{\"durationMs\":2419200000},{\"durationMs\":2592000000},{\"durationMs\":5184000000},{\"durationMs\":7776000000}],\"allowCustom\":true},\"timeContext\":{\"durationMs\":86400000},\"value\":{\"durationMs\":604800000}},{\"id\":\"9196914a-cd13-4897-8d8f-2e497721452a\",\"version\":\"KqlParameterItem/1.0\",\"name\":\"Severity\",\"type\":2,\"isRequired\":true,\"multiSelect\":true,\"quote\":\"'\",\"delimiter\":\",\",\"typeSettings\":{\"additionalResourceOptions\":[\"value::all\"]},\"jsonData\":\"[\\n    {\\\"value\\\":\\\"high\\\", \\\"label\\\":\\\"High\\\"},\\n    {\\\"value\\\":\\\"moderate\\\", \\\"label\\\":\\\"Moderate\\\"},\\n    {\\\"value\\\":\\\"low\\\", \\\"label\\\":\\\"Low\\\"}\\n]\",\"timeContext\":{\"durationMs\":86400000},\"defaultValue\":\"value::all\",\"value\":[\"value::all\"]},{\"id\":\"0b5bbec6-76d8-422c-89a4-95162c9300cb\",\"version\":\"KqlParameterItem/1.0\",\"name\":\"Confidence\",\"type\":2,\"isRequired\":true,\"multiSelect\":true,\"quote\":\"'\",\"delimiter\":\",\",\"typeSettings\":{\"additionalResourceOptions\":[\"value::all\"],\"showDefault\":false},\"jsonData\":\"[\\n    {\\\"value\\\":\\\"high\\\", \\\"label\\\":\\\"High\\\"},\\n    {\\\"value\\\":\\\"moderate\\\", \\\"label\\\":\\\"Moderate\\\"},\\n    {\\\"value\\\":\\\"low\\\", \\\"label\\\":\\\"Low\\\"}\\n]\",\"timeContext\":{\"durationMs\":86400000},\"defaultValue\":\"value::all\"},{\"id\":\"876e2140-cacb-4d7c-88ed-354ecd7e86a2\",\"version\":\"KqlParameterItem/1.0\",\"name\":\"Category\",\"type\":2,\"query\":\"FncEventsDetections_CL\\n| summarize by rule_category_s\\n| order by rule_category_s asc\",\"typeSettings\":{\"showDefault\":false},\"queryType\":0,\"resourceType\":\"microsoft.operationalinsights/workspaces\"},{\"id\":\"876e2140-cacb-4d7c-88ed-354ecd7e86a2\",\"version\":\"KqlParameterItem/1.0\",\"name\":\"RuleNames\",\"type\":2,\"isRequired\":true,\"multiSelect\":true,\"quote\":\"'\",\"delimiter\":\",\",\"query\":\"FncEventsDetections_CL\\n| summarize by rule_name_s\\n| order by rule_name_s asc\",\"typeSettings\":{\"additionalResourceOptions\":[\"value::all\"],\"selectAllValue\":\"\",\"showDefault\":false},\"defaultValue\":\"value::all\",\"queryType\":0,\"resourceType\":\"microsoft.operationalinsights/workspaces\"}],\"style\":\"pills\",\"queryType\":0,\"resourceType\":\"microsoft.operationalinsights/workspaces\"},\"name\":\"parameters - 7 - Copy\"},{\"type\":3,\"content\":{\"version\":\"KqlItem/1.0\",\"query\":\"Fortinet_FortiNDR_Cloud\\n| where Type == 'FncEventsDetections_CL'\\n| where Created between ({TimeRange:start} .. {TimeRange:end})\\n| where Severity in ({Severity})\\n| where Confidence in ({Confidence})\\n| where Rule_Name in ({RuleNames})\\n| where isempty('{Category}') or (Category == '{Category}')\\n| sort by Created desc\\n| project TimeGenerated, UUID, Device_IP, Event_Count, Indicators, First_Seen, Last_Seen, Created, Updated, Status, Muted, Mute_Comment, Severity, Confidence,  Resolution, Date_Resolved, Account_UUID, Sensor_ID, Rule_Name, Rule_UUID, Rule_Muted, Category, Type\\n\\n\",\"size\":0,\"showAnalytics\":true,\"title\":\"FNC Detection List\",\"showRefreshButton\":true,\"showExportToExcel\":true,\"exportToExcelOptions\":\"all\",\"queryType\":0,\"resourceType\":\"microsoft.operationalinsights/workspaces\",\"visualization\":\"table\",\"gridSettings\":{\"rowLimit\":1000,\"filter\":true},\"tileSettings\":{\"showBorder\":false}},\"name\":\"query - 6\"}]},\"conditionalVisibility\":{\"parameterName\":\"selectedTab\",\"comparison\":\"isEqualTo\",\"value\":\"Detection\"},\"name\":\"Detection\"}],\"fallbackResourceIds\":[\"/subscriptions/3f4a7f4a-5e8a-408f-8b5b-c8bfeb836628/resourcegroups/fortindrcloud/providers/microsoft.operationalinsights/workspaces/fortindrcloud-dev\"],\"fromTemplateId\":\"sentinel-FortiNdrCloud\",\"$schema\":\"https://github.com/Microsoft/Application-Insights-Workbooks/blob/master/schema/workbook.json\"}\n",
                "version": "1.0",
                "sourceId": "[variables('workspaceResourceId')]",
                "category": "sentinel"
              }
            },
            {
              "type": "Microsoft.OperationalInsights/workspaces/providers/metadata",
              "apiVersion": "2022-01-01-preview",
              "name": "[concat(parameters('workspace'),'/Microsoft.SecurityInsights/',concat('Workbook-', last(split(variables('workbookId1'),'/'))))]",
              "properties": {
                "description": ".description",
                "parentId": "[variables('workbookId1')]",
                "contentId": "[variables('_workbookContentId1')]",
                "kind": "Workbook",
                "version": "[variables('workbookVersion1')]",
                "source": {
                  "kind": "Solution",
                  "name": "Fortinet FortiNDR Cloud",
                  "sourceId": "[variables('_solutionId')]"
                },
                "author": {
                  "name": "Microsoft",
                  "email": "[variables('_email')]"
                },
                "support": {
                  "tier": "Microsoft",
                  "name": "Microsoft Corporation",
                  "email": "support@microsoft.com",
                  "link": "https://support.microsoft.com/"
                }
              }
            }
          ]
        },
        "packageKind": "Solution",
        "packageVersion": "[variables('_solutionVersion')]",
        "packageName": "[variables('_solutionName')]",
        "packageId": "[variables('_solutionId')]",
        "contentSchemaVersion": "3.0.0",
        "contentId": "[variables('_workbookContentId1')]",
        "contentKind": "Workbook",
        "displayName": "[parameters('workbook1-name')]",
        "contentProductId": "[variables('_workbookcontentProductId1')]",
        "id": "[variables('_workbookcontentProductId1')]",
        "version": "[variables('workbookVersion1')]"
      }
    },
    {
      "type": "Microsoft.OperationalInsights/workspaces/providers/contentPackages",
      "apiVersion": "2023-04-01-preview",
      "location": "[parameters('workspace-location')]",
      "properties": {
        "version": "3.0.0",
        "kind": "Solution",
        "contentSchemaVersion": "3.0.0",
        "displayName": "Fortinet FortiNDR Cloud",
        "publisherDisplayName": "Microsoft Sentinel, Microsoft Corporation",
        "descriptionHtml": "<p><strong>Note:</strong> <em>There may be <a href=\"https://aka.ms/sentinelsolutionsknownissues\">known issues</a> pertaining to this Solution, please refer to them before installing.</em></p>\n<p>The <a href=\"https://docs.fortinet.com/product/fortindr-cloud\">Fortinet FortiNDR Cloud</a> solution for Microsoft Sentinel provides the capability to ingest Fortinet FortiNDR Cloud events stored in Amazon S3 into Microsoft Sentinel using the Amazon S3 REST API. For questions about <a href=\"\">FortiNDR Cloud</a>, please contact Fortinet at <a href=\"mailto:azuresales@fortinet.com\">azuresales@fortinet.com</a>.</p>\n<p><strong>Data Connectors:</strong> 1, <strong>Parsers:</strong> 1, <strong>Workbooks:</strong> 1</p>\n<p><a href=\"https://aka.ms/azuresentinel\">Learn more about Microsoft Sentinel</a> | <a href=\"https://aka.ms/azuresentinelsolutionsdoc\">Learn more about Solutions</a></p>\n",
        "contentKind": "Solution",
        "contentProductId": "[variables('_solutioncontentProductId')]",
        "id": "[variables('_solutioncontentProductId')]",
        "icon": "<img src=\"https://raw.githubusercontent.com/Azure/Azure-Sentinel/master/Logos/Azure_Sentinel.svg\" width=\"75px\" height=\"75px\">",
        "contentId": "[variables('_solutionId')]",
        "parentId": "[variables('_solutionId')]",
        "source": {
          "kind": "Solution",
          "name": "Fortinet FortiNDR Cloud",
          "sourceId": "[variables('_solutionId')]"
        },
        "author": {
          "name": "Microsoft",
          "email": "[variables('_email')]"
        },
        "support": {
          "name": "Microsoft Corporation",
          "email": "support@microsoft.com",
          "tier": "Microsoft",
          "link": "https://support.microsoft.com/"
        },
        "dependencies": {
          "operator": "AND",
          "criteria": [
            {
              "kind": "DataConnector",
              "contentId": "[variables('_dataConnectorContentId1')]",
              "version": "[variables('dataConnectorVersion1')]"
            },
            {
              "kind": "Parser",
              "contentId": "[variables('_parserContentId1')]",
              "version": "[variables('parserVersion1')]"
            },
            {
              "kind": "Workbook",
              "contentId": "[variables('_workbookContentId1')]",
              "version": "[variables('workbookVersion1')]"
            }
          ]
        },
        "firstPublishDate": "2023-12-15",
        "providers": [
          "Microsoft"
        ],
        "categories": {
          "domains": [
            "Security - Automation (SOAR)"
          ]
        }
      },
      "name": "[concat(parameters('workspace'),'/Microsoft.SecurityInsights/', variables('_solutionId'))]"
    }
  ],
  "outputs": {}
}
